{
  "Key facts": [
    "Globally, one in seven 10-19-year-olds experiences a mental disorder, accounting for 15% of the global burden of disease in this age group.",
    "Depression, anxiety and behavioural disorders are among the leading causes of illness and disability among adolescents.",
    "Suicide  is the third leading cause of death among those aged 15–29 years old.",
    "The consequences of failing to address adolescent mental health conditions extend to adulthood, impairing both physical and mental health and limiting opportunities to lead fulfilling lives as adults."
  ],
  "Mental health determinants": [
    "Adolescence is a crucial period for developing social and emotional habits important for mental well-being. These include adopting healthy sleep patterns; exercising regularly; developing coping, problem-solving, and interpersonal skills; and learning to manage emotions. Protective and supportive environments in the family, at school and in the wider community are important.",
    "Multiple factors affect mental health. The more risk factors adolescents are exposed to, the greater the potential impact on their mental health. Factors that can contribute to stress during adolescence include exposure to adversity, pressure to conform with peers and exploration of identity. Media influence and gender norms can exacerbate the disparity between an adolescent’s lived reality and their perceptions or aspirations for the future. Other important determinants include the quality of their home life and relationships with peers. Violence (especially sexual violence and bullying), harsh parenting and severe and socioeconomic problems are recognized risks to mental health.",
    "Some adolescents are at greater risk of mental health conditions due to their living conditions, stigma, discrimination or exclusion, or lack of access to quality support and services. These include adolescents living in humanitarian and fragile settings; adolescents with chronic illness, autism spectrum disorder, an intellectual disability or other neurological condition; pregnant adolescents, adolescent parents, or those in early or forced marriages; orphans; and adolescents from minority ethnic or sexual backgrounds or other discriminated groups."
  ],
  "Emotional disorders": [
    "Emotional disorders are common among adolescents. Anxiety disorders (which may involve panic or excessive worry) are the most prevalent in this age group and are more common among older than among younger adolescents. It is estimated that 4.4% of 10–14-year-olds and 5.5% of 15–19-year-olds experience an anxiety disorder(1). Depression is estimated to occur among 1.4% of adolescents aged 10–14 years, and 3.5% of 15–19-year-olds(1). Depression and anxiety share some of the same symptoms, including rapid and unexpected changes in mood.",
    "Anxiety and depressive disorders can profoundly affect school attendance and schoolwork. Social withdrawal can exacerbate isolation and loneliness. Depression can lead to suicide."
  ],
  "Behavioural disorders": [
    "Behavioural disorders are more common among younger adolescents than older adolescents. Attention deficit hyperactivity disorder (ADHD), characterized by difficulty paying attention and/or excessive activity and acting without regard to consequences, occurs among 2.9% of 10–14-year-olds and 2.2% of 15–19-year-olds(1). Conduct disorder (involving symptoms of destructive or challenging behaviour) occurs among 3.5% of 10–14-year-olds and 1.9% of 15–19-year-olds(1). Behavioural disorders  can affect adolescents’ education and increases the risk of criminal behaviour."
  ],
  "Eating disorders": [
    "Eating disorders, such as anorexia nervosa and bulimia nervosa, commonly emerge during adolescence and young adulthood. Eating disorders involve abnormal eating behaviour and preoccupation with food, accompanied in most instances by concerns about body weight and shape. Girls are more commonly affected than boys. Eating disorders can affect physical health and often co-exist with depression, anxiety and substance use disorders. They occur in an estimated 0.1% of 10–14-year-olds and and 0.4% of 15–19-year-olds (1). They are associated with suicide. Anorexia nervosa can lead to premature death, often due to medical complications or suicide, and has higher mortality than any other mental disorder."
  ],
  "Psychosis": [
    "Conditions that include symptoms of psychosis most commonly emerge in late adolescence or early adulthood. Symptoms can include hallucinations or delusions. These experiences can impair an adolescent’s ability to participate in daily life and education and often lead to stigma or human rights violations. Schizophrenia occurs in 0.1% of 15–19-year-olds(1)."
  ],
  "Suicide and self-harm": [],
  "": [],
  "Risk-taking behaviours": [
    "Many risk-taking behaviours for health, such as substance use or sexual risk-taking, start during adolescence. Risk-taking behaviours can be an unhelpful strategy to cope with emotional difficulties and can severely impact an adolescent’s mental and physical well-being.",
    "Young people are especially vulnerable to developing harmful substance use patterns that can persist across the lifespan. In 2019, the prevalence of alcohol use among 15–19-year-olds was high worldwide (22%) with very few gender differences, and showing an increase in consumption in some regions(3).",
    "The use of tobacco and cannabis are additional concerns. Many adult smokers had their first cigarette prior to the age of 18 years.  In 2022, the prevalence of cannabis use among adolescents was higher than that of adults globally (5.5 per cent compared with 4.4 per cent, respectively)(4).",
    "Perpetration of violence is a risk-taking behaviour that can increase the likelihood of low educational attainment, injury, involvement with crime or death. Interpersonal violence was ranked among the leading causes of death of older adolescents in 2021(1)."
  ],
  "Promotion and prevention": [
    "Mental health promotion and prevention interventions aim tostrengthen an individual's capacity to regulate emotions, enhance alternatives to risk-taking behaviours, build resilience for managing difficult situations and adversity, and promote supportive social environments and social networks.",
    "These programmes require a multi-level approach with varied delivery platforms –for example, digital media, health or social care settings, schools or the community – and varied strategies to reach adolescents, particularly the most vulnerable."
  ],
  "Early detection and treatment": [
    "It is crucial to address the needs of adolescents with mental health conditions. Avoiding institutionalization and over-medicalization, prioritizing non-pharmacological approaches, and respecting the rights of children in line with the United Nations Convention on the Rights of the Child and other human rights instruments are key for adolescents’ mental health."
  ]
}