{
  "Key facts": [
    "Globally, at least 2.2 billion people have a near or distance vision impairment. In at least 1 billion of these, vision impairment could have been prevented or is yet to be addressed.",
    "The leading causes of vision impairment and blindness at a global level are refractive errors and cataracts.",
    "It is estimated that globally only 36% of people with a distance vision impairment due to refractive error and only 17% of people with vision impairment due to cataract have received access to an appropriate intervention.",
    "Vision impairment poses an enormous global financial burden, with the annual global cost of productivity estimated to be US$ 411 billion.",
    "Vision loss can affect people of all ages; however, most people with vision impairment and blindness are over the age of 50 years."
  ],
  "Overview": [
    "Vision, the most dominant of our senses, plays a critical role in every facet and stage of our lives. We take vision for granted, but without vision, we struggle to learn, to walk, to read, to participate in school and to work.",
    "Vision impairment occurs when an eye condition affects the visual system and its vision functions. Everyone, if they live long enough, will experience at least one eye condition in their lifetime that will require appropriate care.",
    "Vision impairment has serious consequences for the individual across the life course. Many of these consequences can be mitigated by timely access to quality eye care. Eye conditions that can cause vision impairment and blindness – such as cataract or refractive error – are, for good reasons, the main focus of eye care strategies; nevertheless, the importance of eye conditions that do not typically cause vision impairment – such as dry eye or conjunctivitis – must not be overlooked. These conditions are frequently among theleading reasonsfor presentation to eye care services."
  ],
  "Causes": [
    "Globally, the leading causes of vision impairment and blindness are:",
    "refractive errors",
    "cataract",
    "diabetic retinopathy",
    "glaucoma",
    "age-related macular degeneration.",
    "There is substantial variation in the causes of vision impairment between and within countries according to the availability of eye care services, their affordability, and the education of the population. For example, the proportion of vision impairment attributable to unoperated cataract is higher in low- and middle-income countries. In high income countries, diseases such as glaucoma and age-related macular degeneration are more common.",
    "Among children, congenital cataract is a leading cause of vision impairment in low-income countries, whereas in middle-income countries it is more likely to be retinopathy of prematurity.",
    "Uncorrected refractive error remains a leading cause of vision impairment in all countries amongst children and adult populations."
  ],
  "Prevalence": [
    "Globally, at least 2.2 billion people have a near or distance vision impairment. In at least 1 billion – or almost half – of these cases, vision impairment could have been prevented or has yet to be addressed.",
    "Among this 1 billion people, the main conditions causing distance vision impairment or blindness are cataract (94 million), refractive error (88.4 million), age-related macular degeneration (8 million), glaucoma (7.7 million), diabetic retinopathy (3.9 million)(1). The main condition causing near vision impairment is presbyopia (826 million)(2).",
    "In terms of regional differences, the prevalence of distance vision impairment in low- and middle-income regions is estimated to be 4 times higher than in high-income regions(1). With regards to near vision, rates of unaddressed near vision impairment are estimated to be greater than 80% in western, eastern and central sub-Saharan Africa, while comparative rates in high-income regions of North America, Australasia, western Europe, and of Asia-Pacific are reported to be lower than 10%(2).",
    "Population growth and ageing are expected to increase the risk that more people acquire vision impairment."
  ],
  "Impact of vision impairment": [
    "Young children with early onset irreversible severe vision impairment can experience delayed motor, language, emotional, social and cognitive development, with lifelong consequences. School-age children with vision impairment can also experience lower levels of educational achievement.",
    "Vision impairment severely impacts quality of life among adult populations. Adults with vision impairment can experience lower rates of employment and higher rates of depression and anxiety.",
    "In the case of older adults, vision impairment can contribute to social isolation, difficulty walking, a higher risk of falls and fractures, and a greater likelihood of early entry into nursing or care homes.",
    "Vision impairment poses an enormous global financial burden with an estimate annual global productivity loss of about US$ 411 billion purchasing power parity(3). This figure far outweighs the estimated cost gap of addressing the unmet need of vision impairment (estimated at about US$ 25 billion)."
  ],
  "Strategies to address eye conditions to avoid vision impairment": [
    "There are effective interventions covering promotion, prevention, treatment and rehabilitation which address the needs associated with eye conditions and vision impairment. While many vision loss cases can be prevented (such as those due to infections, trauma, unsafe traditional medicines, perinatal diseases, nutrition-related diseases, unsafe use or self-administration of topical treatment), this is not possible for all. For many eye conditions, e.g. diabetic retinopathy, early detection and timely treatment are crucial to avoid irreversible vision loss. Spectacle correction for refractive error and surgery for cataract are among the most cost-effective of all health-care interventions. Yet,globally only 36% of peoplewith a distance vision impairment due to refractive error have received access to an appropriate pair of spectacles and only 17% of people with vision impairment or blindness due to cataract have received access to quality surgery.",
    "Treatment is also available for many eye conditions that do not typically cause vision impairment, such as dry eye, conjunctivitis and blepharitis, but generate discomfort and pain. Treatment of these conditions is directed at alleviating the symptoms and preventing the evolution towards more severe stages of those diseases.",
    "Vision rehabilitation is very effective in improving functioning for people with an irreversible vision loss that can be caused by eye conditions such as diabetic retinopathy, glaucoma, consequences of trauma, and age-related macular degeneration."
  ]
}