{
  "Key facts": [
    "Breast cancer caused 670 000 deaths globally in 2022.",
    "Roughly half of all breast cancers occur in women with no specific risk factors other than sex and age.",
    "Breast cancer was the most common cancer in women in 157 countries out of 185 in 2022.",
    "Breast cancer occurs in every country in the world.",
    "Approximately 0.5–1% of breast cancers occur in men."
  ],
  "Overview": [
    "Breast cancer is a disease in which abnormal breast cells grow out of control and form tumours. If left unchecked, the tumours can spread throughout the body and become fatal.",
    "Breast cancer cells begin inside the milk ducts and/or the milk-producing lobules of the breast. The earliest form (in situ) is not life-threatening and can be detected in early stages. Cancer cells can spread into nearby breast tissue (invasion). This creates tumours that cause lumps or thickening.",
    "Invasive cancers can spread to nearby lymph nodes or other organs (metastasize). Metastasis can be life-threatening and fatal.",
    "Treatment is based on the person, the type of cancer and its spread. Treatment combines surgery, radiation therapy and medications."
  ],
  "Scope of the problem": [
    "In 2022, there were 2.3 million women diagnosed with breast cancer and 670 000 deaths globally. Breast cancer occurs in every country of the world in women at any age after puberty but with increasing rates in later life.Global estimates reveal striking inequities in the breast cancer burden according to human development. For instance, in countries with a very high Human Development Index (HDI), 1 in 12 women will be diagnosed with breast cancer in their lifetime and 1 in 71 women die of it.",
    "In contrast, in countries with a low HDI; while only 1 in 27 women is diagnosed with breast cancer in their lifetime, 1 in 48 women will die from it."
  ],
  "Who is at risk?": [
    "Female gender is the strongest breast cancer risk factor. Approximately 99% of breast cancers occur in women and 0.5–1% of breast cancers occur in men. The treatment of breast cancer in men follows the same principles of management as for women.",
    "Certain factors increase the risk of breast cancer including increasing age, obesity, harmful use of alcohol, family history of breast cancer, history of radiation exposure, reproductive history (such as age that menstrual periods began and age at first pregnancy), tobacco use and postmenopausal hormone therapy. Approximately half of breast cancers develop in women who have no identifiable breast cancer risk factor other than gender (female) and age (over 40 years).",
    "Family history of breast cancer increases the risk of breast cancer, but most women diagnosed with breast cancer do not have a known family history of the disease. Lack of a known family history does not necessarily mean that a woman is at reduced risk.",
    "Certain inherited high penetrance gene mutations greatly increase breast cancer risk, the most dominant being mutations in the genes BRCA1, BRCA2 and PALB-2. Women found to have mutations in these major genes may consider risk reduction strategies such as surgical removal of both breasts or chemoprevention strategies."
  ],
  "Signs and symptoms": [
    "Most people will not experience any symptoms when the cancer is still early hence the importance of early detection.",
    "Breast cancer can have combinations of symptoms, especially when it is more advanced. Symptoms of breast cancer can include:",
    "a breast lump or thickening, often without pain",
    "change in size, shape or appearance of the breast",
    "dimpling, redness, pitting or other changes in the skin",
    "change in nipple appearance or the skin surrounding the nipple (areola)",
    "abnormal or bloody fluid from the nipple.",
    "People with an abnormal breast lump should seek medical care, even if the lump does not hurt.",
    "Most breast lumps are not cancer. Breast lumps that are cancerous are more likely to be successfully treated when they are small and have not spread to nearby lymph nodes.",
    "Breast cancers may spread to other areas of the body and trigger other symptoms. Often, the most common first detectable site of spread is to the lymph nodes under the arm although it is possible to have cancer-bearing lymph nodes that cannot be felt.",
    "Over time, cancerous cells may spread to other organs including the lungs, liver, brain and bones. Once they reach these sites, new cancer-related symptoms such as bone pain or headaches may appear."
  ],
  "Treatment": [
    "Treatment for breast cancer depends on the subtype of cancer and how much it has spread outside of the breast to lymph nodes (stages II or III) or to other parts of the body (stage IV).",
    "Doctors combine treatments to minimize the chances of the cancer coming back (recurrence). These include:",
    "surgery to remove the breast tumour",
    "radiation therapy to reduce recurrence risk in the breast and surrounding tissues",
    "medications to kill cancer cells and prevent spread, including hormonal therapies, chemotherapy or targeted biological therapies.",
    "Treatments for breast cancer are more effective and are better tolerated when started early and taken to completion.",
    "Surgery may remove just the cancerous tissue (called a lumpectomy) or the whole breast (mastectomy). Surgery may also remove lymph nodes to assess the cancer’s ability to spread.",
    "Radiation therapy treats residual microscopic cancers left behind in the breast tissue and/or lymph nodes and minimizes the chances of cancer recurring on the chest wall.",
    "Advanced cancers can erode through the skin to cause open sores (ulceration) but are not necessarily painful. Women with breast wounds that do not heal should seek medical care to have a biopsy performed.",
    "Medicines to treat breast cancers are selected based on the biological properties of the cancer as determined by special tests (tumour marker determination).  The great majority of drugs used for breast cancer are already on the WHO Essential Medicines List (EML).",
    "Lymph nodes are removed at the time of cancer surgery for invasive cancers. Complete removal of the lymph node bed under the arm (complete axillary dissection) in the past was thought to be necessary to prevent the spread of cancer. A smaller lymph node procedure called “sentinel node biopsy” is now preferred as it has fewer complications.",
    "Medical treatments for breast cancers, which may be given before (“neoadjuvant”) or after (“adjuvant”) surgery, is based on the biological subtyping of the cancers. Certain subtypes of breast cancer are more aggressive than others such as triple negative (those that do not express estrogen receptor (ER), progesterone receptor (PR) or HER-2 receptor). Cancer that express the estrogen receptor (ER) and/or progesterone receptor (PR) are likely to respond to endocrine (hormone) therapies such as tamoxifen or aromatase inhibitors.  These medicines are taken orally for 5–10 years and reduce the chance of recurrence of these “hormone-positive” cancers by nearly half. Endocrine therapies can cause symptoms of menopause but are generally well tolerated.",
    "Cancers that do not express ER or PR are “hormone receptor negative” and need to be treated with chemotherapy unless the cancer is very small. The chemotherapy regimens available today are very effective in reducing the chances of cancer spread or recurrence and are generally given as outpatient therapy. Chemotherapy for breast cancer generally does not require hospital admission in the absence of complications.",
    "Breast cancers that independently overexpress a molecule called the HER-2/neu oncogene (HER-2 positive) are amenable to treatment with targeted biological agents such as trastuzumab. When targeted biological therapies are given, they are combined with chemotherapy to make them effective at killing cancer cells.",
    "Radiotherapy plays a very important role in treating breast cancer. With early-stage breast cancers, radiation can prevent a woman having to undergo a mastectomy. With later stage cancers, radiotherapy can reduce cancer recurrence risk even when a mastectomy has been performed. For advanced stages of breast cancer, in some circumstances, radiation therapy may reduce the likelihood of dying of the disease.",
    "The effectiveness of breast cancer therapies depends on the full course of treatment. Partial treatment is less likely to lead to a positive outcome."
  ],
  "Global impact": [
    "Age-standardized breast cancer mortality in high-income countries dropped by 40% between the 1980s and 2020(1). Countries that have succeeded in reducing breast cancer mortality have been able to achieve an annual breast cancer mortality reduction of 2–4% per year.",
    "The strategies for improving breast cancer outcomes depend on fundamental health system strengthening to deliver the treatments that are already known to work. These are also important for the management of other cancers and other non-malignant noncommunicable diseases (NCDs). For example, having reliable referral pathways from primary care facilities to district hospitals to dedicated cancer centres.",
    "The establishment of reliable referral pathways from primary care facilities to secondary hospitals to dedicated cancer centres is the same approach as is required for the management of cervical cancer, lung cancer, colorectal cancer and prostate cancer. To that end, breast cancer is a so-called index disease whereby pathways are created that can be followed for the management of other cancers."
  ]
}