{
  "Key facts": [
    "Campylobacter is 1 of 4 key global causes of diarrhoeal diseases. It is considered to be the most common bacterial cause of human gastroenteritis in the world.",
    "Campylobacter infections are generally mild, but can be fatal among very young children, elderly, and immunosuppressed individuals.",
    "Campylobacter species can be killed by heat and thoroughly cooking food.",
    "To prevent Campylobacter infections, make sure to follow basic food hygiene practices when preparing food.",
    "The high incidence ofCampylobacterdiarrhoea, as well as its duration and possible complications, makes it highly important from a socio-economic perspective. In developing countries,Campylobacterinfections in children under the age of 2 years are especially frequent, sometimes resulting in death.",
    "Campylobacterare mainly spiral-shaped, “S”-shaped, or curved, rod-shaped bacteria. Currently, there are 17 species and 6 subspecies assigned to the genusCampylobacter, of which the most frequently reported in human diseases areC. jejuni(subspeciesjejuni) andC. coli. Other species such asC. lariandC. upsaliensishave also been isolated from patients with diarrhoeal disease, but are reported less frequently."
  ],
  "The disease": [
    "Campylobacteriosis is the disease caused by the infection withCampylobacter:",
    "The onset of disease symptoms usually occurs 2 to 5 days after infection with the bacteria, but can range from 1 to 10 days.",
    "The most common clinical symptoms ofCampylobacterinfections include diarrhoea (frequently bloody), abdominal pain, fever, headache, nausea, and/or vomiting. The symptoms typically last 3 to 6 days.",
    "Death from campylobacteriosis is rare and is usually confined to very young children or elderly patients, or to those already suffering from another serious disease such as AIDS.",
    "Complications such as bacteraemia (presence of bacteria in the blood), hepatitis, pancreatitis (infections of liver and pancreas, respectively), and miscarriage have been reported with various degrees of frequency. Post-infection complications\r\n            may include reactive arthritis (painful inflammation of the joints which can last for several months) and neurological disorders such as Guillain-Barré syndrome, a polio-like form of paralysis that can result in respiratory and severe\r\n            neurological dysfunction in a small number of cases."
  ],
  "Sources and transmission": [
    "Campylobacterspecies are widely distributed in most warm-blooded animals. They are prevalent in food animals such as poultry, cattle, pigs, sheep and ostriches; and in pets, including cats and dogs. The bacteria have also been found in shellfish.",
    "The main route of transmission is generally believed to be foodborne, via undercooked meat and meat products, as well as raw or contaminated milk. Contaminated water or ice is also a source of infection. A proportion of cases occur following contact with contaminated water during recreational activities.",
    "Campylobacteriosis is a zoonosis, a disease transmitted to humans from animals or animal products. Most often, carcasses or meat are contaminated byCampylobacterfrom faeces during slaughtering. In animals,Campylobacterseldom causes disease.",
    "The relative contribution of each of the above sources to the overall burden of disease is unclear but consumption of undercooked contaminated poultry is believed to be a major contributor. Since common-source outbreaks account for a rather small proportion of cases, the vast majority of reports refer to sporadic cases, with no easily discernible pattern.",
    "Estimating the importance of all known sources is therefore extremely difficult. In addition, the wide occurrence ofCampylobacteralso hinders the development of control strategies throughout the food chain. However, in countries where specific strategies have been put in place to reduce the prevalence ofCampylobacterin live poultry, a similar reduction in human cases is observed."
  ],
  "Treatment": [
    "Treatment is not generally required, except electrolyte replacement and rehydration. Antimicrobial treatment is recommended in invasive cases (when bacteria invade the intestinal mucosa cells and damage the tissues) or to eliminate the carrier state (the condition of people who harbourCampylobacterin their bodies and keep shedding the bacteria while remaining asymptomatic)."
  ],
  "Prevention methods": [
    "There are a number of strategies that can be used to prevent disease fromCampylobacter:",
    "Prevention is based on control measures at all stages of the food chain, from agricultural production on a farm, to processing, manufacturing and preparation of foods both commercially and domestically.",
    "In countries without adequate sewage disposal systems, faeces and articles soiled with faeces may need to be disinfected before disposal.",
    "Measures to reduce the prevalence ofCampylobacterin poultry include enhanced biosecurity to avoid transmission ofCampylobacterfrom the environment to the flock of birds on the farm. This control option is feasible\r\n                    only where birds are kept in closed housing conditions.",
    "Good hygienic slaughtering practices reduce the contamination of carcasses by faeces, but will not guarantee the absence ofCampylobacterfrom meat and meat products. Training in hygienic food handling for abattoir workers and\r\n                    raw meat producers is essential to keep contamination to a minimum.",
    "Prevention methods against infection in domestic kitchens are similar to those used against other foodborne bacterial diseases.",
    "Bactericidal treatment, such as heating (for example, cooking or pasteurization) or irradiation, is the only effective method of eliminatingCampylobacterfrom contaminated foods."
  ]
}