{
  "Key facts": [
    "Chronic obstructive pulmonary disease (COPD) is the fourth leading cause of death worldwide, causing 3.5 million deaths in 2021, approximately 5% of all global deaths.",
    "Nearly 90% of COPD deaths in those under 70 years of age occur in low- and middle-income countries (LMIC).",
    "COPD is the eighth leading cause of poor health worldwide (measured by disability-adjusted life years)",
    "Tobacco smoking accounts for over 70% of COPD cases in high-income countries. In LMIC tobacco smoking accounts for 30–40% of COPD cases, and household air pollution is a major risk factor."
  ],
  "Overview": [
    "Chronic obstructive pulmonary disease (COPD) is a common lung disease causing restricted airflow and breathing problems. It is sometimes called emphysema or chronic bronchitis.",
    "In people with COPD, the lungs can get damaged or clogged with phlegm. Symptoms include cough, sometimes with phlegm, difficulty breathing, wheezing and tiredness.",
    "Smoking and air pollution are the most common causes of COPD. People with COPD are at higher risk of other health problems.",
    "COPD is not curable but symptoms can improve if one avoids smoking and exposure to air pollution and gets vaccines to prevent infections. It can also be treated with medicines, oxygen and pulmonary rehabilitation."
  ],
  "Symptoms": [
    "The most common symptoms of COPD are difficulty breathing, chronic cough (sometimes with phlegm) and feeling tired.",
    "COPD symptoms can get worse quickly. These are called flare-ups. These usually last for a few days and often require additional medicine.",
    "People with COPD also have a higher risk for other health problems. These include:",
    "lung infections, like the flu or pneumonia",
    "lung cancer",
    "heart problems",
    "weak muscles and brittle bones",
    "depression and anxiety.",
    "Common symptoms of COPD develop from mid-life onwards. As COPD progresses, people find it more difficult to carry out their normal daily activities, often due to breathlessness. There may be a considerable financial burden due to limitation of workplace and home productivity, and costs of medical treatment.",
    "COPD is sometimes called emphysema or chronic bronchitis. Emphysema usually refers to destruction of the tiny air sacs at the end of the airways in the lungs. Chronic bronchitis refers to a chronic cough with the production of phlegm resulting from inflammation in the airways. COPD and asthma share common symptoms (cough, wheeze and difficulty breathing) and people may have both conditions."
  ],
  "Causes": [
    "Several processes can cause the airways to become narrow and lead to COPD. There may be destruction of parts of the lung, mucus blocking the airways, and inflammation and swelling of the airway lining.",
    "COPD develops gradually over time, often resulting from a combination of risk factors:",
    "tobacco exposure from active smoking or passive exposure to second-hand smoke;",
    "occupational exposure to dusts, fumes or chemicals;",
    "indoor air pollution: biomass fuel (wood, animal dung, crop residue) or coal is frequently used for cooking and heating in low- and middle-income countries with high levels of smoke exposure;",
    "early life events such as poor growth in utero, prematurity, and frequent or severe respiratory infections in childhood that prevent maximum lung growth;",
    "asthma in childhood; and",
    "a rare genetic condition called alpha-1 antitrypsin deficiency, which can cause COPD at a young age.",
    "COPD should be suspected if a person has typical symptoms, and the diagnosis confirmed by a breathing test called spirometry, which measures how the lungs are working. In low- and middle-income countries, spirometry is often not available and so the diagnosis may be missed."
  ],
  "Treatment": [
    "COPD isn’t curable, but it can get better by not smoking, avoiding air pollution and getting vaccines. It can be treated with medicines, oxygen and pulmonary rehabilitation.",
    "There are several treatments available for COPD.",
    "Inhaled medicines that open and reduce swelling in the airways are the main treatments.",
    "Bronchodilator inhalers are the most important medicines for treating COPD. They relax the airways to keep them open.",
    "Short-acting bronchodilators start to work in seconds and can last for 4–6 hours. These are often used during flare-ups.",
    "Long-acting bronchodilators take longer to start working but last longer. These are taken daily and can be combined with inhaled steroids.",
    "Other treatments may also be used:",
    "Steroid pills and antibiotics are often used to treat flare-ups.",
    "Oxygen is used for people who have had COPD for a long time or have severe COPD.",
    "Pulmonary rehabilitation teaches exercises to improve your breathing and ability to exercise.",
    "Surgery may improve symptoms for some people with severe COPD.",
    "Some inhalers open the airways and may be given regularly to prevent or reduce symptoms, and to relieve symptoms during acute flare-ups. Inhaled corticosteroids are sometimes given in combination with these to reduce inflammation in the lungs.",
    "Inhalers must be taken using the correct technique, and in some cases with a spacer device to help deliver the medication into the airways more effectively. Access to inhalers is limited in many low- and middle-income countries; in 2021 salbutamol inhalers were generally available in public primary health care facilities in half of low- and low-middle income countries.",
    "Flare-ups are often caused by a respiratory infection, and people may be given an antibiotic or steroid tablets in addition to inhaled or nebulised treatment as needed."
  ],
  "Living with COPD": [
    "Lifestyle changes can help improve symptoms of COPD.",
    "Quit smoking or vaping. This is the most important thing to do. Even if you have been smoking for many years, quitting can still help.",
    "Avoid second-hand smoke or smoke from indoor cooking fires.",
    "Stay physically active.",
    "Protect yourself from lung infections:",
    "Get a flu vaccine every year.",
    "Get the pneumonia vaccine.",
    "Get all available COVID-19 vaccines and make sure you have had the latest boosters.",
    "People living with COPD must be given information about their condition, treatment and self-care to help them to stay as active and healthy as possible."
  ]
}