{
  "Key facts": [
    "Diarrhoeal disease is the third leading cause of death in children 1–59 months of age. It is both preventable and treatable.",
    "Each year diarrhoea kills around 443 832 children under 5 and an additional 50 851 children aged 5 to 9 years.",
    "A significant proportion of diarrhoeal disease can be prevented through safe drinking-water and adequate sanitation and hygiene.",
    "Globally, there are nearly 1.7 billion cases of childhood diarrhoeal disease every year.",
    "Diarrhoea is a leading cause of malnutrition in children under 5 years old."
  ],
  "Overview": [
    "Diarrhoeal disease is the third leading cause of death in children under 5 years old and is responsible for killing around 443 832 children every year. Diarrhoea can last several days and can leave the body without the water and salts that are necessary for survival. In the past, for most people, severe dehydration and fluid loss were the main causes of diarrhoea-associated deaths. Now, other causes such as septic bacterial infections are likely to account for an increasing proportion of all diarrhoea-associated deaths. Children who are malnourished or have impaired immunity, as well as people living with HIV, are most at risk of life-threatening diarrhoea.",
    "Diarrhoea is defined as the passage of 3 or more loose or liquid stools per day (or more frequent passage than is normal for the individual). Frequent passing of formed stools is not diarrhoea, nor is the passing of loose, pasty stools by breastfed babies.",
    "Diarrhoea is usually a symptom of an infection in the intestinal tract, which can be caused by a variety of bacterial, viral and parasitic organisms. Infection is spread through contaminated food or drinking-water, or from person-to-person as a result of poor hygiene.",
    "Interventions to prevent diarrhoea, including safe drinking-water, use of improved sanitation and hand washing with soap, can reduce disease risk. Diarrhoea should be treated with oral rehydration solution (ORS), a solution of clean water, sugar and salt. In addition, a 10–14 day supplemental treatment course of dispersible zinc tablets shortens diarrhoea duration and improves outcomes.",
    "There are 3 clinical types of diarrhoea:",
    "acute watery diarrhoea – lasts several hours or days and includes cholera",
    "acute bloody diarrhoea – also called dysentery",
    "persistent diarrhoea – lasts 14 days or longer."
  ],
  "Scope of diarrhoeal disease": [
    "Diarrhoeal disease is a leading cause of child mortality and morbidity in the world, and mostly results from contaminated food and water sources. Worldwide, 780 million individuals lack access to improved drinking-water and 2.5 billion lack improved sanitation. Diarrhoea due to infection is widespread throughout developing countries.",
    "In low-income countries, children under 3 years old experience on average three episodes of diarrhoea every year. Each episode deprives the child of the nutrition necessary for growth. As a result, diarrhoea is a major cause of malnutrition, and malnourished children are more likely to fall ill from diarrhoea."
  ],
  "Dehydration": [
    "The most severe threat posed by diarrhoea is dehydration. During a diarrhoeal episode, water and electrolytes (sodium, chloride, potassium and bicarbonate) are lost through liquid stools, vomit, sweat, urine and breathing. Dehydration occurs when these losses are not replaced.",
    "The degree of dehydration is rated on a scale of 3.",
    "severe dehydration (at least two of the following signs):",
    "lethargy/unconsciousness",
    "sunken eyes",
    "unable to drink or drink poorly",
    "skin pinch goes back very slowly ( ≥2 seconds)",
    "some dehydration (two or more of the following signs):",
    "restlessness, irritability",
    "sunken eyes",
    "drinks eagerly, thirsty",
    "no dehydration (not enough signs to classify as some or severe dehydration).",
    "lethargy/unconsciousness",
    "sunken eyes",
    "unable to drink or drink poorly",
    "skin pinch goes back very slowly ( ≥2 seconds)",
    "restlessness, irritability",
    "sunken eyes",
    "drinks eagerly, thirsty"
  ],
  "Causes": [
    "Infection:Diarrhoea is a symptom of infections caused by a host of bacterial, viral and parasitic organisms, most of which are spread by faeces-contaminated water. Infection is more common when there is a shortage of adequate sanitation and hygiene and safe water for drinking, cooking and cleaning. Among children under 5 years of age, the most common viral pathogens are rotavirus, norovirus, adenovirus and astrovirus. Bacterial pathogens includeEscherichia coli, Salmonella spp., Shigella spp., and Campylobacter spp., while parasitic pathogens includeCryptosporidium,Giardia, andEntamoeba spp. Rotavirus andE. coliare the most common pathogens among children across all age groups, while parasitic pathogens, are prevalent in children aged 3–5 years. Bacterial pathogens, includingE. coli,Salmonella, andShigella, were common in the children age 6 to 10-year age group, as were rotavirus, norovirus, and sapovirus. Location-specific etiologic patterns also need to be considered.",
    "Malnutrition:Children who die from diarrhoea often suffer from underlying malnutrition, which makes them more vulnerable to diarrhoea. Each diarrhoeal episode, in turn, makes their malnutrition even worse. Diarrhoea is a leading cause of malnutrition in children under 5 years old.",
    "Source:Water contaminated with human faeces, for example from sewage, septic tanks and latrines, is of particular concern. Animal faeces also contain microorganisms that can cause diarrhoea.",
    "Other causes:Diarrhoeal disease can also spread from person-to-person, aggravated by poor personal hygiene. Food is another major cause of diarrhoea when it is prepared or stored in unhygienic conditions. Unsafe domestic water storage and handling is also an important risk factor. Fish and seafood from polluted water may also contribute to the disease."
  ],
  "Prevention and treatment": [
    "Key measures to prevent diarrhoea include:",
    "access to safe drinking-water",
    "use of improved sanitation",
    "hand washing with soap",
    "exclusive breastfeeding for the first 6 months of life",
    "good personal and food hygiene",
    "health education about how infections spread",
    "rotavirus vaccination.",
    "Key measures to treat diarrhoea include the following.",
    "Rehydration with oral rehydration salts (ORS) solution. ORS is a mixture of clean water, salt and sugar. It costs a few cents per treatment. ORS is absorbed in the small intestine and replaces the water and electrolytes lost in the faeces.",
    "Zinc supplements reduce the duration of a diarrhoea episode by 25% and are associated with a 30% reduction in stool volume.",
    "Rehydration with intravenous fluids in case of severe dehydration or shock.",
    "Nutrient-rich foods. The vicious circle of malnutrition and diarrhoea can be broken by continuing to give nutrient-rich foods – including breast milk – during an episode, and by giving a nutritious diet – including exclusive breastfeeding for the first 6 months of life – to children when they are well.",
    "Consulting a health professional, in particular for management of persistent diarrhoea or when there is blood in stool or if there are signs of dehydration."
  ]
}