{
  "Key facts": [
    "Among the 1.9 billion women of reproductive age group (15–49 years) worldwide\r\n        in 2021, 1.1 billion have a need for family planning; of these, 874 million are\r\n        using modern contraceptive methods, and 164 million have an unmet need for\r\n        contraception(1).",
    "The proportion of the need for family planning satisfied by modern methods,\r\n        Sustainable Development Goals (SDG) indicator 3.7.1, has stagnated globally at\r\n        around 77% from 2015 to 2022 but increased from 52% to 58% in sub-Saharan\r\n        Africa(2).",
    "Only one contraceptive method, condoms, can prevent both a pregnancy and the\r\n        transmission of sexually transmitted infections, including HIV.",
    "Use of contraception advances the human right of people to determine the number\r\n        and spacing of their children.",
    "In 2022, global contraceptive prevalence of any method was estimated at 65% and\r\n        of modern methods at 58.7% for married or in a union women(3)."
  ],
  "Overview": [
    "There are many different types of contraception, but not all types are appropriate for all situations. The most appropriate method of birth control depends on an individual’s overall health, age, frequency of sexual activity, number of sexual partners, desire to have children in the future, and family history of certain diseases. Ensuring access for all people to their preferred contraceptive methods advances several human rights including the right to life and liberty, freedom of opinion, expression and choice and the right to work and education, as well as bringing significant health and other benefits."
  ],
  "Impact": [
    "Use of contraception prevents pregnancy-related health risks for women, especially for adolescent girls, and when expressed in terms of interbirth intervals, children born within 2 years of an elder sibling have a 60% increased risk of infant death, and those born within 2–3 years a 10% increased risk, compared with those born after an interval of 3 years or longer(4). It offers a range of potential non-health benefits that encompass expanded education opportunities and empowerment for women, and sustainable population growth and economic development for countries.",
    "The number of women desiring to use family planning has increased markedly over the past two decades, from 900 million in 2000 to nearly 1.1 billion in 2021(1).",
    "Between 2000 and 2020, the number of women using a modern contraceptive method increased from 663 million to 851 million. An additional 70 million women are projected to be added by 2030. Between 2000 and 2020, the contraceptive prevalence rate (percentage of women aged 15–49 who use any contraceptive method) increased from 47.7 to 49.0%(5).",
    "The proportion of women of reproductive age (aged 15–49 years) who have their need for family planning satisfied with modern methods (SDG indicator 3.7.1) is 77.5% globally in 2022, a 10% increase since 1990 (67%)(2)."
  ],
  "Barriers": [],
  "": [],
  "Contraceptive methods": [
    "Methods of contraception include oral contraceptive pills, implants, injectables, patches, vaginal rings, intra uterine devices, condoms, male and female sterilization, lactational amenorrhea methods, withdrawal and fertility awareness-based methods. These methods have different mechanisms of action and effectiveness in preventing unintended pregnancy. Effectiveness of methods is measured by the number of pregnancies per 100 women using the method per year. Methods are classified by their effectiveness as commonly used into:",
    "very effective (0–0.9 pregnancies per 100 women)",
    "effective (1–9 pregnancies per 100 women)",
    "moderately effective (10–19 pregnancies per 100 women)",
    "less effective (20 or more pregnancies per 100 women).",
    "For details on the mechanism of action and effectiveness of different contraceptive methods, clickhere."
  ]
}