{
  "Key facts": [
    "Food additives are substances primarily added to processed foods, or other foods produced on an industrial scale, for technical purposes, e.g. to improve safety, increase the amount of time a food can be stored, or modify sensory properties of food.",
    "Food additives are substances not normally consumed as a food by themselves and not normally used as typical ingredients in foods. Most minimally processed and unprocessed foods do not contain food additives.",
    "Food additives are assessed for potential harmful effects on human health before they are approved for use.",
    "Authoritative bodies at the national, regional and international levels are responsible for evaluating the safety of food additives.",
    "The Joint FAO/WHO Expert Committee on Food Additives (JECFA) is the international body responsible for evaluating the safety of food additives for use in foods that are traded internationally."
  ],
  "Overview": [
    "Many different food additives have been developed over time to meet the needs of large-scale food processing. Additives are added to ensure processed food remains safe and in good condition throughout its journey from factories or industrial kitchens, to warehouses and shops, and finally to consumers. Additives are also used to modify the sensory properties of foods including taste, smell, texture and appearance.",
    "Food additives can be derived from plants, animals or minerals, or they can be chemically synthesized. There are several thousand food additives used, all of which are designed to do a specific job. Food additives can be grouped into 3 broad categories based on their function."
  ],
  "Flavouring agents": [
    "Flavouring agents are chemicals that impart flavours or fragrances and are added to food to modify its aroma or taste. They are the most common type of additive used in foods, with hundreds of varieties used in a wide variety of foods, from confectionery and soft drinks to cereal, cake and yoghurt. Flavouring agents can be extracted from naturally occurring sources (e.g. plant or animal sources) or chemically synthesized. Flavours extracted directly from naturally occurring sources are often referred to as natural flavours. Such flavours can also be chemically synthesized and are sometimes referred to as nature made or nature identical to indicate that although the flavour molecule itself is naturally occurring it hasn’t been extracted from its source, but synthesized to be identical. Artificial flavouring agents are chemicals that do not exist in nature but are synthesized to imitate natural flavours or elicit other taste sensations. Culinary ingredients, including spices, nuts and dried fruits or vegetables, can also modify aroma or taste, but are generally not considered flavouring agents."
  ],
  "Enzyme preparations": [
    "Enzyme preparations are a type of additive that may or may not end up in the final food product. Enzymes are naturally occurring proteins that boost biochemical reactions by breaking down larger molecules into their smaller building blocks. They can be obtained by extraction from plants or animal products or from micro-organisms such as bacteria and are used as alternatives to chemical-based technology. They are mainly used in baking (to improve the dough), for manufacturing fruit juices (to increase yields), in wine making and brewing (to improve fermentation), as well as in cheese manufacturing (to improve curd formation)."
  ],
  "Other additives": [
    "Other food additives are used for a variety of reasons, such as preservation, colouring and sweetening. They are added when food is prepared, packaged, transported, or stored, and they eventually become a component of the food.",
    "Preservatives can slow decomposition caused by mould, air, bacteria or yeast. In addition to maintaining the quality of the food, preservatives help control contamination that can cause foodborne illness, including life-threatening botulism.",
    "Colouring is added to food to replace colours lost during processing or other production, or to make food appear more attractive.",
    "Non-sugar sweeteners are often used as an alternative to sugar because they contribute fewer or no calories when added to food.WHO has issued a recommendationagainst the use of non-sugar sweeteners in general, based on evidence that they don’t seem to benefit long term weight loss or maintenance and may increase risk of noncommunicable diseases."
  ],
  "Safety assessments": [
    "Food additives are assessed for potential harmful effects on human health before they are approved for use. Authoritative bodies at the national, regional and international levels are responsible for evaluating the safety of food additives. The Joint FAO/WHO Expert Committee on Food Additives (JECFA) is the international body responsible for evaluating the safety of food additives for use in foods that are traded internationally."
  ]
}