{
  "Key facts": [
    "In 2019, there were 178 million new fractures globally, an increase of 33.4% of the absolute number of new fractures since 1990, partly driven by population growth and ageing.",
    "The same year, there were 455 million prevalent cases of acute or long-term symptoms of a fracture, an increase of 70.1% of the absolute prevalence since 1990.",
    "Globally in 2019, fractures accounted for 25.8 million years lived with disability (YLDs), an increase of 65.3% of the absolute YLDs since 1990.",
    "Fractures are more likely to occur in older people, especially older women.",
    "Most fractures in older people are due to bone fragility (fragility fractures) and result from mechanical forces quantified as equivalent to a fall from standing height or less (known as low energy trauma).",
    "Owing to the global population growth and ageing, the annual incidence of total fractures worldwide is expected to continue to increase, driven by fragility fractures. However, an individual’s risk of fragility fracture can be predicted, and these fractures are preventable using effective interventions."
  ],
  "Overview": [
    "Bone fractures are partial or complete breaks in a bone, which may spontaneously occur (due to diseases such as osteoporosis and associated chronic conditions) or result from a fall or a trauma (due to road traffic accidents, sports, etc.). Fractures are a global public health concern and are associated with significant morbidity, mortality and healthcare costs.",
    "Due to worldwide population growth and ageing, the number of people sustaining a fracture each year has been increasing. Currently, there are no global estimates on fragility fractures, and available data include all fractures combined. According to data from the Global Burden of Disease Study, the absolute incidence, prevalence and years lived with disability for fractures have significantly increased from 1990 to 2019, with highest age-specific incidence rates in the oldest age groups(1)in which most fractures are due to bone fragility (fragility fractures). These substantial increases have been associated with increased healthcare costs globally.",
    "In the largest five countries of the European Union plus Sweden, the annual costs of fragility fractures are expected to increase by 27% by 2030(2). The same trend is reported in other parts of the world. Therefore, preventing fragility fractures through early assessment of risk factors and treatment of osteoporosis is essential for good health and well-being for all adults, and particularly so for older people."
  ],
  "Types of fragility fractures": [
    "Fragility fractures result from low-energy trauma (a mechanical force that would not ordinarily cause a fracture), such as a fall from standing height or less. These fractures are the main clinical consequence of osteoporosis, although they may occur in postmenopausal women even in the absence of osteoporosis.",
    "The most common sites of fragility fractures are the:",
    "spine",
    "hip",
    "distal forearm (wrist)",
    "proximal humerus (upper arm).",
    "Other fragility fracture sites include the pelvis, ribs, and proximal tibia. Hip and vertebral (spine) fractures are considered the most serious fragility fractures."
  ],
  "Risk factors": [
    "Risk factors are lifestyle, genetic, social or environmental factors that increase an individual’s risk or propensity of developing a disease or sustaining a health-related problem and are generally categorized into modifiable and non-modifiable factors. Modifiable risk factors can be changed by modifying one’s lifestyle or environment, so that the probability of occurrence of a disease or a health condition may be reduced.",
    "Modifiable risk factors for fragility fractures include:",
    "smoking",
    "alcohol consumption",
    "sedentary behaviour/physical inactivity",
    "low body weight",
    "nutrient-poor diet",
    "vitamin D and calcium deficiency",
    "eating disorders (for example anorexia nervosa and bulimia)",
    "malabsorption",
    "medications (including glucocorticoids, antidepressants, anticonvulsants, androgen deprivation therapy, etc.)",
    "falls.",
    "Non-modifiable risk factors include:",
    "older age",
    "sex (women have a higher risk)",
    "ethnicity (Caucasian people have a higher risk)",
    "history of prior fractures",
    "history of parental fractures",
    "menopause.",
    "Although non-modifiable risk factors cannot be altered by lifestyle or environmental changes, knowledge of these factors is fundamental for health workers and patients for optimal prevention strategies. In fact, as with many age-related conditions, fragility fractures can result from multiple causes and risk factors.",
    "Osteoporosis is a disease characterized by low bone density and microarchitectural deterioration of bone tissue with a consequent increase in bone fragility and susceptibility to fracture. Aside from the factors listed above, osteoporosis itself is a risk factor for fracture the same way hypertension is for stroke, for example."
  ],
  "Can an individual’s risk of fragility fracture be predicted?": [
    "Many tools have been developed to predict the probability of a fracture, most of which use combinations of clinical risk factors (for example, age, sex, history of previous fractures), with or without bone mineral density (BMD) measurement. These tools are used to calculate the individuals’ risk of fracture over a certain number of years (for example, five or ten years), which supports the clinical decision-making process. However, there is no global consensus on which fracture risk assessment tools have the best prediction performance.",
    "WHO is currently assessing all available fracture risk prediction tools to determine which tools could be recommended for use globally."
  ],
  "Strategies for primary prevention": [
    "Primary prevention refers to actions, strategies or interventions for preventing or avoiding the initial occurrence of diseases or health conditions. These include actions to identify risk factors in individuals or populations, and actions to mitigate or eliminate these risk factors.",
    "Primary prevention strategies for fragility fractures mainly aim at promoting or maintaining bone density and strength. These include:",
    "improvement of diet and nutrition",
    "regular exercise and physical activity",
    "smoking cessation",
    "limitation of alcohol consumption",
    "treatment of osteoporosis",
    "prevention of falls.",
    "Whereas there is some consensus on basic principles for primary prevention of fragility fractures (for example, nutrition/healthy diet, physical activity), controversies still exist over the effectiveness of some specific interventions, as well as treatment duration.",
    "WHO has initiated a reassessment of the effectiveness and safety of key interventions for fracture prevention in adults, based on systematic reviews of available evidence."
  ],
  "Treatment and management": [
    "Early detection of fragility fractures and treatment (secondary prevention) is fundamental, as delayed treatment may lead to complications and compromise optimal treatment outcomes. In fact, although they are common in postmenopausal women and older men, most vertebral fractures are undiagnosed.",
    "Management of clinical fragility fractures and of complications secondary to fractures is also key. Treatment of fragility fractures can be surgical or non-surgical, with orthopaedic surgeons playing a central role.",
    "Prevention of refracture (usually called secondary fracture prevention) is also essential, and counts as tertiary prevention strategies, which include effective rehabilitation and improvement of quality of life.",
    "Timely rehabilitation provided by a skilled rehabilitation workforce following treatment is crucial to support people to recover from the fracture and related functioning loss. Ensuring access to assistive products (e.g. walking aids, orthoses) and providing associated training is a crucial component of rehabilitation."
  ],
  "Comorbidities": [
    "Comorbidities are diseases or conditions that coexist with a specific disease or condition of interest. Besides well-established risk factors for fragility fractures, several concomitant conditions have been reported, including diabetes, hypertension, cardiovascular diseases, kidney disease, liver disease, depression, dementia and HIV infection.",
    "The presence of comorbidities has been reported as increasing the risk of negative post-fracture health outcomes (for example infections or stroke) and impairing functional outcomes after fracture surgery.",
    "It is therefore important to identify comorbidities in people at risk of fragility fractures or in those who sustained a fragility fracture to take adequate co-management strategies to prevent potential surgery-related complications, improve treatment outcome, and ensure good post-fracture prognosis."
  ]
}