{
  "Key facts": [
    "Humans can be infected with avian, swine and other influenza viruses.",
    "Direct contact with infected animals (through handling, culling, slaughtering or processing) or indirect contact (through environments contaminated with bodily fluids from infected animals) represent a risk for human infection.",
    "Exposure to animal influenza viruses can lead to infection and disease in humans – ranging from mild, flu-like symptoms or eye inflammation to severe, acute respiratory disease and/or death. Disease severity will depend upon the virus causing the infection and the characteristics of the infected individual.",
    "Currently circulating zoonotic influenza viruses have not yet demonstrated sustained person-to-person transmission.",
    "As influenza viruses have a natural reservoir in aquatic birds they are impossible to eradicate. Zoonotic influenza infections will continue to occur. To minimize public health risk, quality surveillance in both animal and human populations, thorough investigation of every human infection, and risk-based pandemic planning are essential."
  ],
  "": [],
  "Overview": [
    "There are 4 types of influenza viruses, types A, B, C and D. Influenza A and B viruses circulate and cause seasonal epidemics of disease in humans although only type A viruses can cause global pandemics based on current knowledge and understanding. Influenza A viruses are established in many animal species. The emergence of an influenza A virus, with the ability to infect people and sustain human-to-human transmission, could cause an influenza pandemic.",
    "Influenza type A viruses are classified into subtypes according to the combinations of the proteins on the surface of the virus. When animal influenza viruses infect their host species, they are named according to the host – as avian influenza viruses, swine influenza viruses, equine influenza viruses, canine influenza viruses, etc. These animal influenza viruses are distinct from human influenza viruses and do not easily transmit to and among humans.",
    "Wild aquatic birds are the primary natural reservoir for most subtypes of influenza A viruses. Avian influenza outbreaks in poultry can have immediate and severe consequences for the agricultural sector."
  ],
  "Pandemic potential": [
    "There will be pandemics in future, but when, where and how they spread is difficult to predict. They can have significant health, economic and social consequences. An influenza pandemic will occur when an influenza virus emerges with the ability to cause sustained human-to-human transmission, and the human population has little to no immunity against the virus. With the growth of global travel, a pandemic can spread rapidly.",
    "Whether currently circulating avian, swine and other influenza viruses will result in a future pandemic is unknown. However, the diversity of zoonotic influenza viruses that have caused human infections necessitates strengthened surveillance in both animal and human populations, thorough investigation of every zoonotic infection and pandemic preparedness planning."
  ],
  "Signs and symptoms in humans": [
    "Exposure to avian influenza viruses can lead to infection and disease in humans, ranging from mild, flu-like symptoms or eye inflammation to severe, acute respiratory disease and/or death. Disease severity will depend upon the virus causing the infection and the characteristics of the infected individual. Rarely, gastrointestinal and neurological symptoms have been reported. The case fatality rate for A(H5) and A(H7N9) subtype virus infections among humans is higher than that of seasonal influenza infections."
  ],
  "Epidemiology of human infections": [
    "Human infections with avian and other zoonotic influenza viruses, though rare, have been reported sporadically. Direct or indirect contact with infected animals represent a risk for human infection. Current zoonotic influenza viruses have not demonstrated sustained person-to-person transmission.",
    "For avian influenza viruses, the primary risk factor for human infection appears to be exposure to infected live or dead poultry or contaminated environments, such as live bird markets. Slaughtering, defeathering, handling carcasses of infected poultry, and preparing poultry for consumption, especially in household settings, are also likely to be risk factors. There is no evidence to suggest that A(H5), A(H7N9) or other avian influenza viruses can be transmitted to humans through properly prepared and cooked poultry or eggs. A few influenza A(H5N1) human cases have been linked to consumption of dishes made with raw contaminated poultry blood.",
    "In 1997, human infections withA(H5N1)viruses were reported during an outbreak in poultry in Hong Kong SAR, China. Since 2003, this virus has spread in bird populations from Asia to Europe and Africa, and to the Americas in 2021, and has become endemic in poultry populations in many countries. Outbreaks have resulted in millions of poultry infections, several hundred human cases, and many human deaths. Human cases have been reported mostly from countries in Asia, but also from countries in Africa, the Americas and Europe.",
    "In 2013, human infections withA(H7N9)viruses were reported for the first time in China. The virus spread in the poultry population across the country and resulted in over 1500 reported human cases and many human deaths from 2013 to 2019. No further human cases have been reported to WHO since 2019. Since 2014, sporadic human infections with avian influenza A(H5N6) viruses have been reported almost exclusively from China. Other avian influenza viruseshave resulted in sporadic human infections.",
    "For swine influenza viruses, risk factors include close proximity to infected pigs or visiting locations where pigs are exhibited. Sporadic human infections with swine influenza viruses of the A(H1) and A(H3) subtypes have also been detected."
  ],
  "Diagnosis": [
    "Laboratory tests are required to diagnose human infection and testing should be done at a lab capable of safely processing and confirming zoonotic infections.",
    "The collection of appropriate specimens from suspected human cases for virus identification and the rapid and precise characterization of the virus and/or its isolate is done at specialized reference laboratories. This is essential for proper response measures."
  ],
  "Treatment": [
    "If a person is suspected of having zoonotic influenza, the health authorities should be notified and appropriate clinical case management provided, including testing, triage, clinical assessment for disease severity classification, assessment of risk factors for severe disease, and isolation and treatment (for example, with antivirals and supportive care). Patients with influenza should be managed properly to prevent severe illness and death."
  ],
  "Prevention": [
    "Influenza viruses are impossible to eradicate and zoonotic infections will continue to occur. To minimize public health risk, quality surveillance in both animal and human populations, thorough investigation of every human infection and risk-based pandemic planning are essential. Public health and animal health authorities should work together and share information during investigations of human cases of zoonotic influenza.",
    "The public should minimize contact with animals in areas known to be affected by animal influenza viruses, including farms and settings where live animals may be sold or slaughtered, and avoid contact with any surfaces that appear to be contaminated with animal faeces. Children, older people, pregnant and postpartum women (up to 6 weeks) or people with suppressed immune systems should neither collect eggs nor assist with slaughtering or food preparation.",
    "The public should strictly avoid contact with sick or dead animals, including wild birds, and should report dead animals or request their removal by contacting local wildlife or veterinary authorities.",
    "Everyone should perform hand hygiene, preferably washing their hands either with soap and running water (especially if there is visible soiling of hands) or using alcohol hand rubs, and in all cases as frequently, thoroughly and often as possible – but especially before and after contact with animals and their environments.",
    "Everyone should practice good food safety habits: separating raw meat from cooked or ready-to-eat foods, keeping clean and washing hands, cooking food thoroughly, and handling and storing meat properly.",
    "Travelers to countries and people living in countries with known outbreaks of avian influenza should, if possible, avoid poultry farms, contact with animals in live poultry markets, entering areas where poultry may be slaughtered, and contact with any surfaces that appear to be contaminated with faeces from poultry or other animals. Travelers returning from affected regions should report to local health services if respiratory symptoms suspecting zoonotic influenza virus infection."
  ]
}