{
  "Key facts": [
    "Meningitis is a devastating disease that can be deadly and often results in serious long-term health issues.",
    "Meningitis remains a major global public health challenge.",
    "Many organisms can cause meningitis, including bacteria, viruses, fungi and parasites.",
    "Bacterial meningitis is of particular concern. Around 1 in 6 people who get this type of meningitis die and 1 in 5 have severe complications.",
    "Epidemics of meningitis are seen across the world, particularly in sub-Saharan Africa.",
    "Vaccines are the most effective way to deliver long-lasting protection."
  ],
  "Overview": [
    "Meningitis is the inflammation of the tissues surrounding the brain and spinal cord. It can be infectious or non-infectious in origin, can be associated with high risk of death and long-term complications, and requires urgent medical care.",
    "Meningitis remains a significant global health threat. It can be caused by several species of bacteria, viruses, fungi and parasites. Injuries, cancers and drugs cause a small number of cases.",
    "Bacterial meningitis is the most serious type of meningitis. It is a severe, life-threatening condition that can often lead to long-term adverse health consequences. There are four main causes of acute bacterial meningitis:",
    "Neisseria meningitidis(meningococcus)",
    "Streptococcus pneumoniae(pneumococcus)",
    "Haemophilus influenzae",
    "Streptococcus agalactiae(group B streptococcus).",
    "These bacteria are responsible for more than half of the deaths from meningitis globally and can cause other severe diseases like sepsis and pneumonia.",
    "Additional important causes of meningitis worldwide include other bacteria species (e.g.Mycobacterium tuberculosis, non-typhoidalSalmonella spp, Listeria monocytogenes), viruses (e.g. enteroviruses, herpesviruses an arboviruses), fungi (e.g.Cyptococcus spp.),and parasites (e.g. some species of amoebae)."
  ],
  "Who is at risk?": [
    "Meningitis can affect anyone anywhere, and at any age. The pathogens that cause it can vary, based on a person’s age and immune system, and level of exposure to risk, which can be influenced by their living conditions and geographical location.",
    "Newborn babies are most at risk from Group B streptococcus, whereas children and adolescents are at most risk of meningococcus, pneumococcus andHaemophilus influenzae. Pneumococcus and meningococcus also account for most cases of bacterial meningitis among adults.",
    "Immunocompromised and/or people living with HIV are at increased risk of different types of meningitis.",
    "Globally, the highest burden of disease is seen in a region of sub-Saharan Africa, known as the African meningitis belt, which stretches from Senegal to Ethiopia, and is at high risk of recurrent epidemics of meningococcal meningitis.",
    "Meningococcal meningitis outbreaks occur more frequently under special risk conditions, such as crowded settings where people are in close proximity, mining areas, mass gatherings, such as religious or sporting events, settings with refugees or displaced persons, closed institutions, military camps and areas with high migration, such as high-traffic markets and border areas."
  ],
  "Transmission": [
    "The route of transmission varies by organism. Most bacteria that cause meningitis, including meningococcus, pneumococcus andHaemophilus influenzae, are carried in the human nose and throat. They are spread from person to person by respiratory droplets or throat secretions. Group B streptococcus is often carried in the human gut or vagina and can spread from mother to child around the time of birth.",
    "Carriage of these organisms is usually harmless and contributes to building up immunity against infection, but the bacteria occasionally invade the body, causing meningitis, sepsis and other forms of invasive disease."
  ],
  "Signs and symptoms": [
    "The symptoms of meningitis can differ based on the cause, how quickly the disease progresses, how long it lasts, brain involvement, and other serious complications like sepsis.",
    "Common symptoms of meningitis are fever, neck stiffness, confusion or altered mental status, headache, sensitivity to light, nausea and vomiting. Less frequent symptoms include seizures, coma and neurological deficits, such as weakness of the limbs.",
    "Infants often have different symptoms compared to adults:",
    "unusual behaviour, such as the child being less active and difficult to wake",
    "irritability",
    "weak, continuous cry",
    "poor feeding",
    "bulging of the soft spot in their head.",
    "Some bacterial pathogens may also account for other symptoms as a result of bloodstream infection, which can quickly lead to sepsis, including cold hands and feet, fast breathing and low blood pressure. A characteristic, non-blanching skin rash may appear with meningococcal sepsis."
  ],
  "Complications and sequelae": [
    "One in 5 people surviving an episode of bacterial meningitis may have long lasting after-effects. These after-effects include hearing loss, seizures, limb weakness, difficulties with vision, speech, language, memory and communication, as well as scarring and limb amputations after sepsis."
  ],
  "Prevention": [
    "Vaccines offer the best protection against common types of bacterial meningitis.",
    "Vaccines can prevent meningitis caused by:",
    "meningococcus",
    "pneumococcus",
    "Haemophilus influenzaetype b (Hib).",
    "Maternal Group B streptococcus vaccines to prevent invasive GBS disease in infants are in the final stages of clinical development.",
    "Bacterial and viral meningitis can spread from person to person. If you live with someone who has either type of meningitis, you should:",
    "talk to your doctor or nurse about taking antibiotics (in case of bacterial meningitis)",
    "wash hands frequently, especially before eating",
    "avoid close contact and sharing cups, utensils or toothbrushes.",
    "Licensed vaccines against meningococcal, pneumococcal andHaemophilus influenzaedisease have been available for many years. These bacteria have several different strains (known as serotypes or serogroups) and vaccines are designed to protect against the most harmful strains. No universal vaccine exists.",
    "Hib vaccine is used in most national childhood immunization programmes globally. WHO also recommends universal use pneumococcal conjugate vaccines (PCV).Meningococcal vaccinesinclude multivalent polysaccharide conjugate vaccines (MMCV), which include 4 to 5 meningococcal serogroups (A,C,W,Y,X); protein-based vaccines, which include meningococcal serogroup B, and combination vaccines combining the latter with 4-valent MMCV. Polysaccharide vaccines are still marketed internationally but are gradually being replaced by MMCV.",
    "In the African meningitis belt, meningococcus serogroup A accounted for 80–85% of meningitis epidemics before the large-scale deployment of a meningococcal A conjugate vaccine starting in 2010. In 2023, the first pentavalent MMCV protecting against serogroups A, C, W, Y and X (Men5CV) was prequalified by WHO and recommended for use in countries of the African meningitis belt. Roll-out of Men5CV has the potential to eliminate meningitis epidemics and make the meningitis belt history.",
    "Post-exposure prophylaxis with antibiotics is given to close contacts of individuals with meningococcal disease to eradicate asymptomatic meningococcal carriage in the nose and decrease the risk of transmission.",
    "Identifying mothers whose babies are at risk of getting Group B streptococcal (GBS) disease is recommended in many countries. Mothers at risk of transmitted GBS to their babies are offered intravenous penicillin during labour to prevent their babies developing GBS infection."
  ],
  "Diagnosis": [
    "To diagnose meningitis, a lumbar puncture is needed to examine the cerebrospinal fluid (CSF). This should be done before starting antibiotics; however, if bacterial meningitis is suspected based on the signs and symptoms, a lumbar puncture should never delay antibiotic treatment.",
    "Laboratories will then perform specific tests with CSF or blood to identify the pathogen causing the infection. The tests will also help identify the treatments needed, and specifically for bacterial infections the susceptibility to types of antibiotics, as well as identify the strain(s) of the pathogen responsible and inform public health responses."
  ],
  "Treatment": [
    "Meningitis is a medical emergency and requires urgent medical attention in an appropriate health-care facility.",
    "Antibiotic treatment should be started as soon as possible when bacterial meningitis is suspected. The first dose of antibiotic treatment should not be delayed until the results of the lumbar puncture are available. The choice of antibiotic treatment should consider the age of the patient, presence of immunosuppression, and local prevalence of antimicrobial resistance patterns. In non-epidemic settings, intravenous corticosteroids (e.g., dexamethasone) are initiated with the first dose of antibiotics to reduce the inflammatory response and the risk of neurological sequelae and death,",
    "Those who have lived through meningitiscan have complications such as deafness, learning impairment or behavioural problem and require long-term treatment and care. The ongoing psychosocial impacts of disability from meningitis can have medical, educational, social and human rights-based implications. Access to both services and support for these conditions is often insufficient, especially in low- and middle-income countries.",
    "Individuals and families with members disabled by meningitis should be encouraged to seek services and guidance from local and national organizations of disabled people and other disability focused organizations, which can provide vital advice about legal rights, economic opportunities and social engagement to ensure people disabled by meningitis are able to live full and rewarding lives.",
    "WHO has also developed anIntersectoral global action plan on epilepsy and other neurological disordersto address the many challenges and gaps in providing care and services for people with epilepsy and other neurological disorders that exist worldwide, including those suffering from meningitis sequelae."
  ],
  "Surveillance": [
    "Surveillance, from case detection to investigation and laboratory confirmation, is essential to the control of meningitis. Main objectives include:",
    "detect and confirm outbreaks;",
    "monitor the incidence trends, including the distribution and evolution of serogroups and serotypes;",
    "estimate the disease burden;",
    "monitor the antibiotic resistance profile;",
    "monitor the circulation, distribution, and evolution of specific strains (clones); and",
    "estimate the impact of meningitis control strategies, particularly preventive vaccination programmes."
  ]
}