{
  "Key facts": [
    "Antimicrobial resistance in gonorrhoea has increased rapidly in recent years and has reduced the options for treatment.",
    "Eighty-two million new cases of gonorrhoea occurred in 2020.",
    "Most gonorrhoea cases in 2020 were in the WHO African Region and the Western Pacific Region.",
    "Most people affected are aged 15–49 years."
  ],
  "Overview": [
    "Gonorrhoea is a sexually transmitted infection (STI) that remains a major\r\n    public health concern. WHO estimates that in 2020, there were 82.4 million\r\n    [47.7 million-130.4 million] new cases infected among adolescents and adults\r\n    aged 15–49 years worldwide, with a global incident rate of 19 (11–29) per 1000\r\n    women and 23 (10–43) per 1000 men. Most cases were in the WHO African Region and\r\n    the Western Pacific Region.",
    "Antimicrobial resistance (AMR) inNeisseria gonorrhoeae(N.\r\n gonorrhoeae) appeared soon after the antimicrobial medicines started to be\r\n    used. This has continued to expand over the past 80 years, affecting medicines\r\n    such as tetracyclines, macrolides (including azithromycin), sulphonamides and\r\n    trimethoprim combinations and, more recently, quinolones. In many countries,\r\n    ciprofloxacin resistance is exceedingly high, azithromycin resistance is\r\n    increasing and resistance or decreased susceptibility to cefixime and\r\n    ceftriaxone continue to emerge.",
    "The extensively drug-resistant gonorrhoea with high-level resistance to the current recommended treatment for gonorrhoea (ceftriaxone) but also including resistance to penicillin, sulphonamides, tetracycline, fluoroquinolones and macrolides (including azithromycin) are called gonorrhoea superbugs or super gonorrhoea."
  ],
  "History": [
    "The first reported treatment failure with cefixime was in Japan. In the past\r\n    decade, confirmed failure to cure gonorrhoea with ceftriaxone alone or combined\r\n    with azithromycin or doxycyline was reported in Australia, France, Japan,\r\n    Slovenia, Sweden and the United Kingdom of Great Britain and Northern Ireland.\r\n    In 2016, the first global failure to cure pharyngeal gonorrhoea with dual\r\n    therapy (ceftriaxone 500 mg plus azithromycin 1 gram) was confirmed in the\r\n    United Kingdom. An international spreading ceftriaxone-resistant gonococcal strain has been reported in Denmark, France, Japan and the United Kingdom. In 2018, the first global gonococcal strain with ceftriaxone resistance and high azithromycin resistance causing pharyngeal gonorrhoea was reported in the United Kingdom. There are increasing numbers of treatment failure cases being reported from Austria, the United Kingdom, and other countries.",
    "All confirmed treatment failures except one recent case in the United Kingdom have been pharyngeal infections affecting the throat. The majority of infections in the pharynx are asymptomatic. Antimicrobial drugs don’t penetrate the tissue well in that area, and the pharynx is also home to naturally occurring related bacteria of theNeisseriaspecies that can contribute to drug resistance. Most data on this issue come from higher income countries; however, the majority of cases of gonorrhoea are in less resourced countries and areas."
  ],
  "Causes": [
    "Resistance to so many treatment options, including penicillins,\r\n    sulphonamides, tetracyclines, quinolones and macrolides (including\r\n    azithromycin), as well as so-called last line options like cephalosporins,\r\n    makeN. gonorrhoeaea multidrug resistant organism.",
    "This resistance is caused by a number of factors, including unrestricted\r\n    access to antimicrobials, inappropriate selection and overuse of antibiotics,\r\n    and poor quality antibiotics. Further, genetic mutations within the organism\r\n    have contributed to increased drug resistance inN. gonorrhoeae.\r\n Infections outside of the genital area – namely in the throat and rectum –\r\n    particularly affect key populations such men who have sex with men. This may\r\n    also play an important role in the development of resistant strains asN.\r\n gonorrhoeaeinteract and exchange genetic material with other organisms in\r\n    these parts of the body."
  ],
  "Implications": [
    "Gonococcal infections have critical implications to reproductive, maternal and newborn health including:",
    "a five-fold increase of HIV transmission",
    "infertility, with its cultural and social implications",
    "inflammation, leading to acute and chronic lower abdominal pain in women",
    "ectopic pregnancy and maternal death",
    "first trimester abortion",
    "severe neonatal eye infections that may lead to blindness.",
    "The financial costs of these complications are very high for both individuals and health care systems. Antimicrobial resistance increases this burden by prolonging the infection in more people and increasing the number of people with long-term complications of gonococcal infections.",
    "The emergence of different forms of resistance inN. gonorrhoeaeis often followed by a rapid spread of the disease. This is not a problem only of the low- and middle-income countries, and recent treatment failures have also been seen in higher-income countries. Since it can be difficult to find complete information from areas with limited resources for surveillance, the antimicrobial resistance is expected to be much higher than what is currently seen due to silent spreading."
  ]
}