{
  "Key facts": [
    "Noma is a severe gangrenous disease of the mouth and face. Its pathogenesis is linked with non-specific polymicrobial organisms and a range of modifiable risk factors and underlying social determinants shared with other neglected tropical diseases (NTDs).",
    "Noma mainly affects children aged 2−6 years old and is found most commonly among those living in poor communities. Africa is the most affected continent, although cases have also been reported in Asia, the Americas and other regions.",
    "Thelatest WHO estimateson burden of disease date to 1998, with an estimated 140 000 incident cases per year and a prevalence of 770 000 cases. The case-fatality rate was estimated at 90%, although evidence shows that this can be greatly reduced by early treatment.",
    "Accurate estimations of noma’s burden are challenging, as many cases go undiagnosed, untreated and unreported due to the fast progression of the disease, high case-fatality rate, weak health systems including surveillance, associated stigma and lack of awareness of noma by healthcare workers and caregivers.",
    "Affected children that survive the diseases are often left with serious aesthetic and functional consequences including disfigurement and impairments in breathing, swallowing, speaking and vision that further contribute to their social isolation, stigmatization, discrimination, and consequently to violations of their human rights."
  ],
  "Overview": [
    "Noma is a rapidly progressing severe gangrenous disease of the mouth and the face. It mostly affects children aged 2–6 years suffering from malnutrition, affected by infectious diseases, living in extreme poverty with poor oral health or with weakened immune systems(1). Noma can also occur among immunocompromised adults due to HIV, leukaemia and other diseases(2).",
    "The disease, also called cancrum oris or gangrenous stomatitis, is mostly found in sub-Saharan Africa, although cases have also been reported in Latin America, Asia and other regions. Noma starts as a soft tissue lesion (a sore) of the gums. It then develops into an acute necrotizing gingivitis that progresses rapidly, destroying the soft tissues and further progressing to involve the hard tissues and skin of the face. Noma is generally considered an opportunistic and non-contagious disease.",
    "Survivors suffer from severe facial disfigurement, have difficulty speaking and eating, endure social stigma, and require complex surgery and rehabilitation. When noma is detected at an early stage, its progression can be rapidly halted through basic hygiene, antibiotics and improved nutrition."
  ],
  "Scope of the problem": [
    "Accurate estimation of the number of noma cases is challenging due to the rapid progression of the disease, high case fatality rate, weak health systems and epidemiological surveillance, changing or varying disease definitions, substantial social stigma, and a lack of awareness of noma by healthcare workers and caregivers. The WHO global incidence, prevalence and case fatality figures from 1998 (global incidence 140 000 cases per year, prevalence 770 000, case fatality 90%) remain the most widely cited, but methodological limitations mean that the true magnitude of noma’s burden and thequantification of noma survivorsis largely unknown. Recent evidence suggests that the reported noma case fatality rate could now be less than 90%, and it can be greatly reduced with early treatment(2).",
    "Since the early 2000s over 13 000 cases of noma have been reported in scientific literature. Their distribution indicates that the disease is prevalent beyond the so-called noma belt, an area of the African continent stretching from Mauritania to Ethiopia. Indeed, cases are seen in African countries outside this area as well as in other parts of the world, including Asia and Asia-Pacific, the Americas, the Middle East and Europe(3).",
    "Noma is a marker of absolute poverty. In 2012, the UN Human Rights Council acknowledged that the neglect from which noma is affected may amount to a violation of basic child rights. The Council made a comprehensive set of recommendations in line with the strategies of the WHO Regional Office for Africa Noma Control Programme(4)."
  ],
  "Risk factors and pathogenesis": [
    "Limitations exist in our current understanding of the aetiology and pathogenesis of noma. Evidence indicates that the causative agents of noma are non-specific polymicrobial organisms. There is also a wide range of associated risk factors reported: research highlights that the disease is linked with malnutrition, other causes of immunosuppression, underlying infections, poor oral health and extreme poverty. Noma is considered an opportunistic and non-contagious disease: there is no documented evidence to support direct transmission from person to person."
  ],
  "Diagnosis": [
    "Noma is diagnosed using clinical criteria that differ according to the different stages of progress. There is currently no point of care diagnostic test.WHO classifies noma into 5 clinical stages: stage 0 – simple gingivitis (gum inflammation); stage 1 – acute necrotizing gingivitis; stage 2 – oedema; stage 3 – gangrene; stage 4 – scarring; and stage 5 – sequelae."
  ],
  "Treatment": [
    "Early detection is essential, as therapy is most effective at the early stages of disease when it appears as aggressively swollen gums (acute necrotizing gingivitis). Treatment typically includes prescription of widely available antibiotics, advice and support on practices to improve oral hygiene, disinfectant mouthwash (salt water or chlorhexidine could be used), and nutrition supplements.If diagnosed during the early stages of the disease, treatment can lead to proper wound healing and no long-term sequelae. More severe cases may warrant surgical intervention and wound dressing.Once noma reaches the gangrenous stage of the disease with a visible hole in the face, it is likely that children who survive will suffer severe facial disfigurement, have difficulty eating and speaking, face social stigma and isolation, and need reconstructive surgery."
  ]
}