{
  "Key facts": [
    "Some of the older, less costly pesticides can remain for years in soil and water. Many of these chemicals have been banned from agricultural use in developed countries, but they are still used in many developing countries.",
    "Pesticides play a significant role in food production. They protect or increase yields and may increase the number of times each year a crop can be grown on the same land. This is particularly important in countries that face food shortages.",
    "To protect food consumers from the adverse effects of pesticides WHO reviews evidence and develops internationally-accepted maximum residue limits.",
    "Pesticides are used to protect crops against insects, weeds, fungi and other pests.",
    "Pesticides are potentially toxic to humans and can have both acute and chronic health effects, depending on the quantity and ways in which a person is exposed.",
    "People who face the greatest health risks from exposure to pesticides are those who come into contact with them at work, in their home or garden."
  ],
  "Overview": [
    "There are more than 1000 pesticides used around the world to ensure food is\r\nnot damaged or destroyed by pests. Each pesticide has different properties and\r\ntoxicological effects.",
    "Many of the older, less costly (off-patent) pesticides, such as\r\ndichlorodiphenyltrichloroethane (DDT) and lindane, can remain for years in soil\r\nand water. These chemicals have been banned by countries which signed the 2001\r\nStockholm Convention, an international treaty that aims to eliminate or\r\nrestrict the production and use of persistent organic pollutants.",
    "The toxicity of a pesticide depends on its function and other factors. For\r\nexample, insecticides tend to be more toxic to humans than herbicides. The same\r\nchemical can have different effects at different doses, that is, the amount of chemical\r\nto which a person is exposed. Toxicity can also depend on the route by which\r\nthe exposure occurs, such as by swallowing, inhaling or direct contact with the\r\nskin.",
    "None of the pesticides currently authorized for use on food in international\r\ntrade are genotoxic (damaging to DNA, which can cause mutations or cancer).\r\nAdverse effects from these pesticides occur only above a certain safe level of\r\nexposure. When people come into contact with large quantities of pesticide, the\r\nresult may be acute poisoning or long-term health effects that may include\r\ncancer and adverse effects on reproduction."
  ],
  "Scope of the problem": [
    "Pesticides are among the leading causes of death by self-poisoning, particularly in low- and middle-income countries.",
    "Since pesticides are intrinsically toxic and deliberately spread in the environment, their production, distribution and use call for strict regulation and control. Regular monitoring of residues in food and the environment is also required.",
    "WHO has two objectives in relation to pesticides:",
    "to ban the      pesticides that are most toxic to humans, as well as pesticides that      remain for the longest time in the environment;",
    "to protect public health by setting maximum limits for pesticide residues in food      and water."
  ],
  "Who is at risk?": [
    "The population most at risk are those who are directly exposed to\r\npesticides. This includes agricultural workers who apply pesticides and anyone\r\nelse in the immediate area during, and shortly after, pesticides are spread.",
    "The general population – those not in the area where pesticides are used –\r\nis exposed to significantly lower levels of pesticide residues through food and\r\nwater."
  ],
  "Prevention and control": [
    "Nobody should be exposed to unsafe amounts of pesticide.",
    "People spreading pesticide on crops, in homes or in gardens should be\r\nadequately protected. People not directly involved in the spreading of\r\npesticides should stay away from the area while spreading takes place, and for\r\nsome time afterwards.",
    "Food that is sold or donated (such as food aid) should equally comply with\r\npesticide regulations, in particular with maximum residue limits. People who use\r\npesticides when growing their own food should follow instructions for use and\r\nprotect themselves by wearing gloves and face masks as necessary.",
    "Consumers can further limit their intake of pesticide residues by peeling or\r\nwashing fruit and vegetables, which also reduces other foodborne hazards such\r\nas harmful bacteria."
  ],
  "Global impact": [
    "The United Nations Population Division estimates that by the year 2050 there\r\nwill be 9.7 billion people on Earth – around 30% more people than in 2017.\r\nNearly all of this population growth will occur in developing countries.",
    "The Food and Agriculture Organization of the United Nations (FAO) estimates\r\nthat in developing countries, 80% of the increase in food production needed to keep\r\npace with population growth, is projected to come from either increases in\r\nyields and/or the number of times each year crops can be grown on the same\r\nland. Only 20% of extra food production is expected to result from an expansion\r\nof farming land.",
    "Pesticides can prevent large crop losses and will therefore continue to play\r\na role in agriculture. However, the effects of exposure to pesticides on humans\r\nand the environment are a continuing concern.",
    "The use of pesticides to produce food, both to feed local populations and\r\nfor export, should comply with good agricultural practices regardless of the\r\neconomic status of a country. Farmers should limit the amount of pesticide used\r\nto the minimum necessary to protect their crops.",
    "It is also possible, under certain circumstances, to produce food without\r\nthe use of pesticides."
  ]
}