{
  "Key facts": [
    "Polycystic ovary syndrome (PCOS) affects an estimated 6–13% of reproductive-aged women.",
    "Up to 70% of affected women remain undiagnosed worldwide.",
    "PCOS is the commonest cause of anovulation and a leading cause of infertility.",
    "PCOS is associated with a variety of long-term health problems that affect physical and emotional well-being.",
    "PCOS runs in families, but there are ethnic variations in how PCOS manifests itself and how it affects people."
  ],
  "Overview": [
    "Polycystic ovary syndrome (PCOS) is a common hormonal condition that affects women of reproductive age. It usually starts during adolescence, but symptoms may fluctuate over time.",
    "PCOS can cause hormonal imbalances, irregular periods, excess androgen levels and cysts in the ovaries. Irregular periods, usually with a lack of ovulation, can make it difficult to become pregnant. PCOS is a leading cause of infertility.",
    "PCOS is a chronic condition and cannot be cured. However, some symptoms can be improved through lifestyle changes, medications and fertility treatments.",
    "The cause of PCOS is unknown but women with a family history or type 2 diabetes are at higher risk."
  ],
  "Scope of the problem": [
    "PCOS a significant public health problem and is one of the commonest hormonal disturbances affecting women of reproductive age. The condition affects an estimated 6–13% of women of reproductive age, and up to 70% of cases are undiagnosed.",
    "The prevalence of PCOS is higher among some ethnicities and these groups often experience more complications, in particular related to metabolic problems.",
    "The biological and psychological effects of PCOS, particularly those related to obesity, body image and infertility, can lead to mental health challenges and social stigma."
  ],
  "Symptoms": [
    "Symptoms of polycystic ovary syndrome can differ from person to person. Symptoms may change over time and often occur without a clear trigger.",
    "Possible symptoms include:",
    "heavy, long, intermittent, unpredictable or absent periods",
    "infertility",
    "acne or oily skin",
    "excessive hair on the face or body",
    "male-pattern baldness or hair thinning",
    "weight gain, especially around the belly.",
    "People with PCOS are more likely to have other health conditions including:",
    "type 2 diabetes",
    "hypertension (high blood pressure)",
    "high cholesterol",
    "heart disease",
    "endometrial cancer (cancer of the inner lining of the uterus).",
    "PCOS can also cause anxiety, depression and a negative body image. Some symptoms such as infertility, obesity and unwanted hair growth can lead to social stigma. This can affect other life areas such as family, relationships, work and involvement in the community."
  ],
  "Diagnosis": [
    "Polycystic ovary syndrome is diagnosed by the presence of at least two out of the following:",
    "Blood tests can be used to identify characteristic changes in hormone levels, although these changes are not universal. Women with polycystic ovary syndromemay have elevated levels of:",
    "testosterone (an ovarian androgen hormone that influences hair growth);",
    "oestrogen (an ovarian hormone that stimulates growth of the womb lining (endometrium);",
    "luteinising hormone (LH, a pituitary hormone which influences hormone production by the ovaries and is important for normal ovulation);",
    "insulin (a hormone that is principally involved in utilization of energy from food); and",
    "anti-müllerian hormone (which is measures the fertility level of the ovaries).",
    "When making a diagnosis, doctors also take into account that irregular periods and ovulation can be a normal part of puberty or menopause, having polycystic ovaries may run in families, and women with a family history of PCOS or type 2 diabetes are at higher risk of PCOS. In addition, the ultrasound picture is not always clear and some women with PCOS may have an ultrasound scan that does not demonstrate polycystic ovaries."
  ],
  "Treatment": [
    "There is no cure for PCOS, but treatments can improve symptoms.",
    "People who have irregular periods, trouble getting pregnant or excessive acne and hair growth should speak to a healthcare professional.",
    "Some symptoms of PCOS can be reduced through lifestyle changes. Eating a healthy diet and getting enough exercise can help reduce weight and reduce the risk of type 2 diabetes.",
    "Birth control medicines (contraceptive pill) can help regulate the menstrual cycle and reduce symptoms. Other medicines can reduce acne or unwanted hair growth caused by PCOS.",
    "Treatments for infertility due to PCOS include lifestyle changes, medicines or surgery to stimulate regular ovulation. In-vitro fertilization (IVF) may be used but it has some risks."
  ]
}