{
  "Key facts": [
    "An estimated 3.9% of the world population has had post-traumatic stress disorder (PTSD) at some stage in their lives.",
    "Most people exposed to potentially traumatic events do not develop PTSD.",
    "Feeling supported by family, friends or other people following the potentially traumatic event can reduce the risk of developing PTSD.",
    "More women are affected by PTSD than men.",
    "There are effective treatments for PTSD."
  ],
  "Overview": [
    "Many people feel extreme fear during or after witnessing or experiencing potentially traumatic events, such as war, accidents, natural disasters or sexual violence. Most people exposed to such events will experience distress but will recover naturally with time. Some people continue to experience a range of mental health conditions that can persist for months or even years, including PTSD,depressive disorders,anxiety disordersand substance use disorders.",
    "Around 70% of people globally will experience a potentially traumatic event during their lifetime(1), But only a minority (5.6%) will go on to develop PTSD(2).An estimated 3.9% of the world population has experienced PTSD at some point in their lives(2).The likelihood of developing PTSD varies depending on the type of traumatic event experienced. For example, rates of PTSD are more than three times (15.3%) higher among people exposed to violent conflict or war(3). PTSD rates are especially high following sexual violence(1).",
    "Up to 40% of people with PTSD recover within one year(1).There are many effective treatments for PTSD, yet only 1 in 4 people with PTSD in low- and middle-income countries (LMICs) report seeking any form of treatment(2). Barriers to care include lack of awareness that PTSD can be treated, lack of availability of mental health services, social stigma and lack of trained mental health care providers."
  ],
  "Symptoms and patterns": [
    "Experiencing distress or other mental health difficulties after a potentially traumatic event is common but does not mean someone is experiencing PTSD.Someone experiences PTSD when they have symptomsre-experiencing the event, avoid reminders of the event and experience symptoms of heightened arousal that cause significant distress, and interfere with daily activities and family, social, school or working life.",
    "People with PTSD have repeated and unwanted recollections of the traumatic event(s), which make them feel as if the event(s) is happening all over again. These memories are accompanied by intense fear or horror. They may be experienced as images, sounds (e.g. gunfire), smells (e.g. the odour of an assailant) or other sensations. These recollections might occur through intrusive memories, nightmares, or, in severe cases, flashbacks. During flashbacks, the person might momentarily believe and act as if they were back at the time of the event, experiencing it again.",
    "People with PTSD avoid situations, activities, thoughts or memories that remind them of the traumatic event(s). They may even avoid talking about the event(s) with their family or health care providers. People usually use these strategies to try to avoid distressing recollections. Yet avoidance strategies may inadvertently intensify re-experiencing symptoms over time and thus perpetuate the presence of PTSD.",
    "People with PTSD may experience a heightened sense of danger, even when they are not actually at risk. This can involve them being much more vigilant than usual, for example constantly scanning their surroundings for potential threats or feeling the need to sit with their back against a wall in public places. They may be more easily startled or jumpy, reacting with excessive fear to sudden movements or loud noises.",
    "Symptoms of PTSD typically begin immediately after or within one month of a traumatic event. In younger children, symptoms are often behavioural and can include re-enacting the traumatic event during play or in drawings. Children often unjustly blame themselves for what happened. The experience of PTSD can also vary across cultures. For instance, in some cultures, it may be more acceptable to express anger about the event, making this a more prominent experience. In other cultures, people with PTSD may more commonly have physical complaints with unclear causes, such as headaches or gastrointestinal symptoms.",
    "People with PTSD may also havedepressive disorder,anxiety disorders andsubstance use disordersas well assuicidal thoughts and behaviours. Many of the effects of PTSD (such as physical tension or harmful use of alcohol) are also known risk factors for physical diseases such as cardiovascular disease."
  ],
  "Contributing factors": [
    "PTSD, like other mental health conditions, results from interacting social, psychological and biological factors. Anyone can experience PTSD after a potentially traumatic event, but people who have previously experienced traumatic events are more susceptible. Women are more likely to experience PTSD than men. Other factors, including a family history of mental health conditions, younger age, and lower levels of education, can also increase the likelihood of developing PTSD after a potentially traumatic experience.",
    "The nature of the event experienced can also affect the chances of developing PTSD. For example, experiencing ongoing or repeated potentially traumatic events, developing a serious physical injury during the event(s), or witnessing harm to others can all increase risk. Receiving social support following  potentially traumatic events can reduce the risk for PTSD."
  ],
  "Treatment": [
    "There are many effective treatments for people with PTSD. Evidence-based psychological interventions are the first choice treatments and can be delivered to individuals or groups, in person or online. Some may also be accessed through self-help manuals, websites and apps. Psychological interventions can help people learn new ways of thinking and coping that may reduce their symptoms. They can help people manage difficult situations and address the events, people or places that trigger their traumatic memories.",
    "The psychological interventions with the most evidence for effective treatment of PTSD are those based on cognitive behavioural therapy with a trauma focus and eye movement desensitization and reprocessing (EMDR). Many of these involve exposure techniques, in which the person is asked to recall, narrate or imagine the traumatic event(s) so that they are exposed to their memories within a safe and supportive environment. Psychological interventions for PTSD may also include real or imagined exposure to triggers that may evoke traumatic memories."
  ],
  "Self-care": [
    "Self-care can have an important role in supporting treatment for PTSD. To help manage symptoms and promote overall well-being, a person can:",
    "continue normal daily routines as far as possible;",
    "connect with and talk to trusted people about what happened but only when the person feels ready to do so;",
    "avoid or cut down on alcohol and illicit drugs that can make symptoms worse;",
    "exercise regularly, even if it’s just a short walk;",
    "maintain or develop healthy sleeping habits; and",
    "learnstress management,which may include breathing techniques and progressive muscle relaxation."
  ]
}