{
  "Key facts": [
    "In 2019, 18 million people worldwide were living with rheumatoid arthritis (1).",
    "About 70% of people living with rheumatoid arthritis are women, and 55% are older than 55 years (1).",
    "13 million people with rheumatoid arthritis experience severity levels (moderate or severe) that could benefit from rehabilitation (2).",
    "While rheumatoid arthritis is a systemic autoimmune disease that affects multiple body systems, the joints of hands, wrists, feet, ankles, knees, shoulders and elbows are most often affected (3)."
  ],
  "Overview": [
    "Rheumatoid arthritis (RA) is a chronic disease that causes inflammation around the body and commonly presents with pain in the joints.",
    "Untreated, RA can cause severe damage to the joints and their surrounding tissue. It can lead to heart, lung or nervous system problems.",
    "Common symptoms include chronic pain, stiffness, tenderness, heat and swelling in the joints. RA can make it hard to move and perform daily activities.",
    "The causes of rheumatoid arthritis are unknown. Risk factors include smoking, obesity and exposure to air pollution. Women and older people have a higher risk of developing RA.",
    "If diagnosed timely, symptoms and disease progression can be controlled with pharmacological treatment, and optimal functioning can be maintained through rehabilitation (including the use of assistive products). In cases with severe joint damage, surgical procedures, including joint replacement, may help to restore movement or manage pain, and maintain physical function."
  ],
  "Scope of the problem": [
    "The typical onset of the disease occurs in adults in their sixties. Women are two-to-three times more often affected than men. The prevalence of rheumatoid arthritis is higher in industrialized countries, which may be explained by demographics (higher average age), exposures to environmental toxins and lifestyle risk factors, and under-diagnosis in low-and-middle-income countries."
  ],
  "Signs and symptoms": [
    "Rheumatoid arthritis causes inflammation and pain in one or more joints. It can happen in most joints, but it’s most common in the small joints of the hands, wrists and feet.",
    "RA is chronic and may worsen over time without treatment. It can lead to severe damage to the joint and surrounding tissue. It can also affect the heart, lung and nervous systems.",
    "Early signs and symptoms:",
    "pain",
    "stiffness",
    "tenderness",
    "swelling or redness in one or more joints, usually in a symmetrical pattern (e.g., both hands or both feet).",
    "The symptoms can worsen over time and spread to more joints including the knees, elbows or shoulders. RA can make it hard to perform daily activities like writing, holding objects with the hands, walking and climbing stairs.",
    "People with RA often feel fatigue and general malaise (e.g., fever, poor sleep quality, loss of appetite) and may experience depressive symptoms.",
    "Pain and difficulty moving can lead to problems with sexual function and intimate relationships. Trouble moving easily can cause lower physical fitness and lead to loss of independence, inability to work, reduced well-being and mental health problems."
  ],
  "Causes and risk factors": [
    "The specific causes for the disease are still unknown, but several modifiable lifestyle-associated (smoking, obesity) and non-modifiable (genetics, female gender, age) risk factors have been identified."
  ],
  "Prevention and control": [
    "Several key prevention strategies have been proposed to prevent rheumatoid arthritis and control the disease progression. In particular, reducing exposure to inhaled silica, dusts and occupational risks, and lifestyle related behaviours (e.g., prevention of/stop smoking, healthy nutrition, physical activity, maintaining a normal body weight, maintaining good dental hygiene) play an important role. Some evidence also suggests breastfeeding may be protective to the mother(4)."
  ],
  "Treatment and management": [
    "Rheumatoid arthritis is not curable. Management of rheumatoid arthritis often involves different health workers, who contribute to a rehabilitative strategy tailored to a person’s needs and preferences.",
    "Early diagnosis and management can reduce symptoms, slow the disease and prevent disability. In some cases, the disease can go into remission.",
    "Therapeutic approaches help to improve and maintain joint mobility and muscle strength, to reduce and cope with pain, and to increase exercise capacity and the ability to perform daily activities.",
    "Assistive technologies (e.g., orthosis, assistive products for self-care) help people to protect their joints and to perform meaningful activities independently.",
    "Medicines to reduce inflammation, pain and swelling may include:",
    "non-steroidal anti-inflammatory drugs (NSAIDs)",
    "glucocorticoids",
    "disease-modifying antirheumatic drugs (DMARDs)",
    "biological agents.",
    "In severe cases, orthopaedic surgery can reduce pain and restore movement. Rehabilitation is essential to achieve the best outcomes following surgery.",
    "It is important to keep a healthy lifestyle. Education and counselling are important to help people manage their symptoms and work-related tasks."
  ],
  "Self-care": [
    "Rheumatoid arthritis is a chronic condition that impacts many aspects of life. Lifestyle changes are often needed for individuals and their families.",
    "Education and support help people with rheumatoid arthritis to develop strategies to cope with the disease. It is important to maintain a healthy lifestyle with regular physical activity and a nutritious diet."
  ]
}