{
  "Key facts": [
    "Rubella is a contagious viral infection transmitted by airborne droplets that occurs most often in children and young adults.",
    "Rubella is the leading vaccine-preventable cause of birth defects, accounting for an estimated 100 000 infants born with congenital rubella syndrome (CRS) each year worldwide.",
    "Rubella virus infection during pregnancy may result in miscarriage, fetal death or CRS. The most severe damage occurs early in pregnancy, especially in the first trimester.",
    "Even though a safe and cost-effective vaccine is available, in 2022, there were an estimated 17 865 cases of rubella in 78 countries."
  ],
  "Overview": [
    "Rubella is a highly contagious disease caused by a virus. It spreads easily when an infected person coughs or sneezes. Most children and adults who get rubella have a mild fever and rash.",
    "When a woman is infected with the rubella virus early in pregnancy, she has a 90% chance of passing the virus on to her fetus. Rubella in pregnancy, especially during the first trimester, can result in miscarriage, fetal death, stillbirth, or infants with congenital malformations, known as congenital rubella syndrome (CRS).",
    "Being vaccinated is the best way to prevent getting sick with rubella or spreading it to other people. The vaccine is safe and helps your body fight off the virus.",
    "There were an estimated 17 865 cases of rubella in 78 countries in 2022, despite the availability of a safe and cost-effective vaccine.",
    "TheMeasles & Rubella Partnership(M&RP), previously the Measles & Rubella Initiative, has been helping deliver measles and rubella vaccines since 2000 to children worldwide, contributing to saving an estimated 57 million lives and substantially reducing birth defects due to congenital rubella infections."
  ],
  "Symptoms": [
    "In children, the disease is usually mild, with symptoms including a rash, low fever (<39°C), nausea and mild conjunctivitis. The rash, which occurs in 50–80% of cases, lasts 1–3 days and usually starts on the face and neck before progressing down the body. Swollen lymph glands behind the ears and in the neck are the most characteristic clinical feature. Infected adults, more commonly women, may develop arthritis and painful joints that usually last from 3–10 days.",
    "Once a person is infected, the virus spreads throughout the body in about 5–7 days. Symptoms usually appear 2 to 3 weeks after exposure. The most infectious period is usually 1–5 days after the appearance of the rash.",
    "When a woman is infected with the rubella virus early in pregnancy, she has a 90% chance of passing the virus on to her fetus. This can cause the death of the fetus, or it may cause CRS. Infants with CRS may excrete the virus for a year or more."
  ],
  "Congenital rubella syndrome": [
    "Children with CRS can suffer hearing impairments, eye and heart defects and other lifelong disabilities, including autism, diabetes mellitus and thyroid dysfunction – many of which require costly therapy, surgeries and other expensive care.",
    "The highest risk of CRS is in countries where women of childbearing age do not have immunity to the disease (either through vaccination or from having had rubella). Before the introduction of the vaccine, up to 4 babies in every 1000 live births were born with CRS."
  ],
  "Vaccination": [
    "The rubella vaccine is a live attenuated strain, and a single dose gives more than 95% long-lasting immunity, which is similar to that induced by natural infection.",
    "Rubella vaccines are available either in monovalent formulation (a vaccine directed at only one pathogen) or more commonly in combinations with other vaccines such as with vaccines against measles (MR), measles and mumps (MMR), or measles, mumps and varicella (MMRV).",
    "Adverse reactions following vaccination are generally mild. They may include pain and redness at the injection site, low-grade fever, rash and muscle aches. Mass immunization campaigns in the Region of the Americas involving more than 250 million adolescents and adults did not identify any serious adverse reactions associated with the vaccine."
  ]
}