{
  "Key facts": [
    "Sepsis is one of the most frequent causes of death worldwide, but there are challenges in collecting reliable data at the population level(1).",
    "From data published in 2020, there were 48.9 million cases and 11 million sepsis-related deaths worldwide, representing 20% of all global deaths(2).",
    "Almost half (20 million) of allestimated sepsis casesworldwide occurred in children under 5 years of age.",
    "For every 1000 hospitalized patients, an estimated 15 patients will develop sepsis as a complication of receiving health care.",
    "While sepsis can affect any individual worldwide, significant regional disparities in incidence and mortality exist with the highest rates in lower-middle-income countries (LMICs)(2).",
    "Sepsis is costly; the average hospital-wide cost of sepsis was estimated to be more than US$ 32 000 per patient in high-income countries(3)."
  ],
  "Overview": [
    "Sepsis is a life-threatening condition that happens when the body’s immune system has an extreme response to an infection, causing organ dysfunction(4). The body’s reaction causes damage to its own tissues and organs and it can lead to shock, multiple organ failure and sometimes death, especially if not recognized early and treated promptly.",
    "Sepsis can affect anyone, but people who are older, very young, pregnant or have other health problems are at higher risk.",
    "Common signs of sepsis include fever, fast heart rate, rapid breathing, confusion and body pain. It can lead to septic shock, multiple organ failure and death.",
    "Sepsis is usually caused by bacterial infections but may be the result of other infections such as viruses, parasites or fungi. Its treatment requires medical care, including the use of antimicrobials, intravenous fluids and other measures.",
    "Sepsis acquired in health care settings is one of the most frequent adverse events during care delivery and affect hundreds of millions of patients worldwide every year.",
    "Healthcare associated infections are caused by pathogens that are often resistant to drugs and can rapidly lead to deteriorating clinical conditions. Antimicrobial resistance is a major factor determining clinical unresponsiveness to treatment and rapid evolution to sepsis and septic shock. Sepsis patients with resistant pathogens have been found to have a higher risk of hospital mortality. There were an estimated 4.95 million deaths associated with antimicrobial resistance in 2019, including 1.27 million deaths directly attributable to it(5).",
    "Implementing preventive measures against infections, such as good hygiene practices, ensuring access to vaccination programmes, improved sanitation and water quality and availability, and other infection prevention and control best practices both in the community and health care settings, are key steps in reducing the occurrence of sepsis. Early diagnosis and timely and appropriate clinical management of sepsis, such as optimal antimicrobial use and fluid resuscitation, are crucial to increase the likelihood of survival. Even though the onset of sepsis can be acute and poses a short-term mortality burden, it can also be the cause of significant long-term morbidity requiring treatment and support. Thus, sepsis requires a multidisciplinary approach."
  ],
  "Who is at risk?": [
    "Anyone affected by an infection, severe injury, or serious non-communicable disease can progress to sepsis but vulnerable populations are at higher risk (6,7) including:",
    "older persons",
    "pregnant or recently pregnant women",
    "neonates",
    "hospitalized patients",
    "patients in intensive care units",
    "people with weakened immune systems (for example HIV, cancer)",
    "people with chronic medical conditions (for example kidney disease, cirrhosis)."
  ],
  "Signs and symptoms": [
    "Sepsis is a medical emergency. It can cause different signs and symptoms at different times. People who think they may have sepsis should seek medical care right away.",
    "Common signs and symptoms include:",
    "fever or low temperature and shivering",
    "confusion",
    "difficulty breathing",
    "clammy and sweaty skin",
    "extreme body pain or discomfort",
    "high heart rate, weak pulse or low blood pressure",
    "low urine output.",
    "Symptoms in children include:",
    "fast breathing",
    "convulsions",
    "pale skin",
    "lethargy",
    "difficulty waking up",
    "feeling cold to the touch.",
    "In children under 5 years old, it can cause difficulty feeding, frequent vomiting or lack of urination."
  ],
  "Prevention": [
    "Sepsis can be prevented by treating infections early and through good hygiene at home and in healthcare settings.",
    "The best way to reduce the risk of sepsis is to avoid infections. Steps include:",
    "good personal hygiene, like washing hands and preparing food safely",
    "avoiding unclean water or unsanitary toilets",
    "getting vaccines recommended by local health officials",
    "eating a healthy diet",
    "breastfeeding for newborns.",
    "Hospitals and clinics should follow effective rules for infection prevention and control. Antibiotics should be used appropriately to treat infections.",
    "Sepsis is always a serious condition but people living with HIV, tuberculosis, malaria and other infectious diseases are at higher risk."
  ],
  "Treatment": [
    "Treatment for sepsis is most effective when started early.",
    "Health workers watch for concerning signs and use tests to diagnose sepsis. They will then work to find the source of the infection. Early use of antimicrobials to treat bacteria, parasites, fungus or viruses is essential to improve outcomes from sepsis.",
    "Low blood pressure is treated by intravenous fluids and sometimes medicines called vasopressors, which can increase blood pressure.",
    "Antibiotic resistance can make treatment more difficult."
  ],
  "Sustainable Development Goals": [
    "Sepsis is a significant cause of maternal, neonatal and child mortality. Consequently, combating sepsis will contribute to achievement of Sustainable Development Goals (SDGs) targets 3.8 on quality of care, and 3.1 and 3.2 by improving mortality rates in these vulnerable populations. Sepsis can also ultimately lead to death in patients affected by HIV, tuberculosis, malaria, and other infectious diseases that are included in target 3.3. The prevention and/or appropriate diagnosis and management of sepsis is also linked to adequate vaccine coverage, quality universal health coverage, capacity to comply with the International Health Regulations, preparedness, and water and sanitation services. The challenge, however, remains how to achieve universal prevention, diagnosis and management of sepsis."
  ]
}