{
  "Key facts": [
    "Almost all populations are consuming too much sodium.",
    "The global mean intake of adults is 4310 mg/day sodium (equivalent to 10.78 g/day salt)(1). This is more than double the World Health Organization recommendation for adults of less than 2000 mg/day sodium (equivalent to < 5 g/day salt, or approximately one teaspoon).",
    "The primary health effect associated with diets high in sodium is raised blood pressure which increases the risk of cardiovascular diseases, gastric cancer, obesity, osteoporosis, Meniere’s disease, and kidney disease.",
    "An estimated 1.89 million deaths each year are associated with consuming too much sodium(2).",
    "Reducing sodium intake is one of the most cost-effective measures to improve health and reduce the burden of non-communicable diseases: for every US$ 1 invested in scaling up sodium reduction interventions, there will be a return of at least US$ 12."
  ],
  "Overview": [
    "Theburden of unhealthy dietsconstitutes a major public health and development challenge worldwide. Urgent action is required to modify the over-production and over-consumption of foods and beverages that do not have a healthy nutritional profile, mainly industry manufactured food. Of greatest concern is excess consumption of sodium, sugars and unhealthy fats, particularlytrans-fatty acids (trans fats) and saturated fatty acids, and low consumption of whole grains, pulses, vegetables, and fruits.In many high-income countries, and increasingly in low- and middle-income countries, a significant proportion of sodium in the diet comes from processed foods.",
    "An estimated 1.89 million deaths each year are associated with consuming too much sodium, a well-established cause of raised blood pressure and increased risk of cardiovascular disease(2).",
    "Reducing sodium intake is one of the most cost-effective ways to improve health and reduce the burden of noncommunicable diseases, as it can avert many cardiovascular events and deaths at very low total programme costs. WHO recommends several sodium-related best buy policies as practical steps that countries can take to prevent cardiovascular disease and its associated costs. These includelowering sodium content in foods;implementingfront-of-pack labelling; mass media campaigns; andpublic food procurement and service."
  ],
  "About sodium": [
    "Sodium is an essential nutrient necessary for the maintenance of plasma volume, acid-base balance, transmission of nerve impulses and normal cell function.",
    "Sodium deficiency is extremely unlikely in healthy individuals.",
    "Excess sodium is linked to adverse health outcomes including increased blood pressure.",
    "The primary contributors to dietary sodium consumption depend on the cultural context and dietary habits of a population.",
    "Sodium and chloride are the main components of regular table salt, but sodium can be found in other forms and is also found naturally in a variety of foods such as milk, meat, and shellfish. It is often found in high amounts in processed foods such as breads, processed meat, and snack foods, as well as in condiments (e.g., soy and fish sauce).",
    "Sodium is also contained in sodium glutamate, which is used as a food ingredient and additive in many parts of the world."
  ],
  "Recommendations for reducing sodium": [
    "For adults, WHO recommends less than 2000 mg/day of sodium (equivalent to less than 5 g/day salt), or just under a teaspoon.",
    "For children aged 2–15 years, WHO recommends adjusting the adult dose downward based on their energy requirements. This recommendation for children does not address the period of exclusive breastfeeding (0–6 months) or complementary feeding with continued breastfeeding (6–24 months).",
    "If choosing to use table salt, WHO suggests replacing regular table salt withlower-sodium salt substitutesthat contain potassium.",
    "All salt that is consumed should beiodized(fortified with iodine), which is essential for healthy brain development in the foetus and young child and optimizing mental function in general."
  ],
  "Public health interventions for sodium reduction": [
    "WHO has identified a set of evidence-basedbest buy interventions to tackle noncommunicable diseases. It undertaken immediately, these interventions are expected to accelerate results in terms of lives saved, healthy years of life gained, cases of disease prevented, and costs avoided.",
    "There are 4 best buys for sodium reduction:",
    "reformulate food products to contain less sodium and set target levels for the amount of sodium in foods and meals;",
    "establish a supportive environment in public institutions such as hospitals, schools, workplaces and nursing homes to provide lower sodium options;",
    "implement front-of-pack labelling; and",
    "apply  behaviour change communication and mass media campaigns.",
    "The development, implementation, monitoring, and evaluation of sodium reduction policies should be government-led and safeguarded against possible conflicts of interest.",
    "WHO has developed aSodium Country Score Cardto monitor countries' progress in making national commitments and in taking a multifaceted approach to implement policies to reduce sodium intake."
  ],
  "How can you reduce your sodium intake?": [
    "eat mostly fresh, minimally processed foods",
    "remove the saltshaker/container from the table",
    "cook with little or no added sodium/salt",
    "use herbs and spices to flavour food, rather than salt",
    "replace regular table salt with lower-sodium salt substitutes that contain potassium",
    "limit the use of commercial sauces, dressings and instant products",
    "limit the consumption of processed foods",
    "choose foods with lower-sodium content, or low-sodium products."
  ],
  "Sodium and salt converter": [
    "Convert the sodium listed on food products into grams of salt and vice versa.",
    "Sodium (Na) to salt (NaCl) conversion",
    "E.g., 5 g salt = 2000 mg sodium = 87 mmol sodium = 87 mEq sodium"
  ]
}