{
  "Key facts": [
    "Globally, over 15 million people are living with spinal cord injury (SCI).",
    "Most SCI cases are due to trauma, including falls, road traffic injuries or violence, and are thus preventable.",
    "People with SCI are at risk of developing debilitating and even life-threatening secondary conditions, which can cause premature mortality.",
    "SCI is associated with lower school enrolment and economic participation rates, carrying substantial individual and societal costs.",
    "Effective prevention, treatment, rehabilitation, and ongoing health care are essential to alleviate the global burden of SCI."
  ],
  "Overview": [
    "The term spinal cord injury (SCI) refers to damage to the spinal cord resulting from trauma (e.g. from falls and road traffic injuries) or non-traumatic causes like tumors, degenerative and vascular conditions, infections, toxins or birth defects.",
    "The extent of SCI related impairment depends on injury severity and location in the spinal cord. SCI results in complete or incomplete loss of sensory and/or motor functions below injury level. In paraplegia arm functions are preserved; in tetraplegia they are affected. Autonomic nervous system dysfunction affecting diverse functions can occur at any level of injury.",
    "Inappropriate management of SCI related impairments and secondary conditions often causes premature mortality.",
    "SCI can diminish the capacity to perform daily activities, including walking, using one’s hands, physiological emptying of bowel/bladder or washing and dressing oneself. Limitations are compounded by misconceptions, negative attitudes and physical barriers to basic mobility, restricting independence and full societal participation. SCI is a major cause of long-term disability, accounting for over 4.5 million years of life lived with disability (YLDs) in 2021.",
    "Importantly, many restrictions in performing activities and participating in meaningful life areas do not result from the condition itself, but from insufficient or inadequate medical care, rehabilitation and assistive technologies access, a high economic burden, and from barriers in the physical, social and policy environments. For example, globally, only 5–35% have wheelchair access."
  ],
  "Scope of the problem": [
    "Global estimates suggest that in 2021, approximately 15.4 million people were living with SCI.",
    "Males are more commonly affected by SCI than females, with consistently higher prevalence and YLDs attributed to this demographic.",
    "Life expectancy in people with SCI strongly correlates with neurological impairment and preventable secondary conditions. People with SCI often die earlier because of health system factors such as insufficient access to or poor quality health services. For people with SCI, the in‑hospital mortality rate is nearly three times higher in low- and middle-income countries than in high-income countries.",
    "Misconceptions, negative attitudes and mobility barriers prevent many individuals from full societal participation. Children with SCI are less likely than their peers to start school, and once enrolled, less likely to advance. Adults with SCI face similar barriers to economic participation, with unemployment rates exceeding 60%.",
    "Many people with SCI, their carers and families face substantial social and economic consequences. While existing data limit global cost estimates of SCI, its economic burden is significant. Indirect costs (for example, lost earnings) often exceed direct costs, which are highest in the first year after SCI onset, with much of the cost borne by people with SCI."
  ],
  "Signs and symptoms": [
    "Depending on injury severity and location, people with SCI can experience",
    "partial or complete loss of sensory and/or motor functions (including respiratory muscle functions)",
    "bowel, bladder and sexual dysfunction",
    "dysregulation of blood pressure, heart rate, and/or body temperature.",
    "SCI is often associated with a risk of developing complications, including debilitating and potentially life-threatening secondary conditions, such as",
    "spasticity",
    "(chronic) pain",
    "urinary tract infections",
    "pressure ulcers",
    "respiratory complications",
    "autonomic dysreflexia",
    "deep vein thrombosis",
    "osteoporosis.",
    "Furthermore, people with SCI may develop clinical signs of depression, negatively impacting functional improvements and overall health.",
    "Mortality risk is highest in the first year after injury, remaining high compared to the general population.  Injury level and severity, availability of timely, quality medical care, transfer method to hospital after injury and time to hospital admission are important factors."
  ],
  "Cause, risk factors and prevention": [
    "Traumatic SCIs from falls and road traffic accidents are the leading cause of SCI, followed by violence (including self-harm and attempted suicide) and work or sports-related injuries. Emergencies can also result in surges in SCI. Earthquakes, for example, can cause increases in SCI due to blunt trauma; conflicts may cause surges in penetrating injuries. Non-traumatic SCIs are also increasing, specifically in ageing populations, given increases in non-communicable diseases such as tumors, degenerative and vascular conditions that can cause spinal cord damage.",
    "Effective interventions are available to prevent many causes of traumatic SCI. These include improvements in road infrastructure, vehicles and people’s road behaviors to avoid road traffic accidents, window guards to prevent falls, policies to thwart the harmful use of alcohol and access to firearms to reduce violence, and domestic violence and suicide prevention strategies (including equitable mental health services). Prevention of non-traumatic SCI includes early diagnosis and treatment of the underlying health condition.",
    "The prevention, early diagnosis and treatment of SCI related secondary conditions are essential to increase life expectancy."
  ],
  "Treatment, rehabilitation and management": [
    "Timely access to prehospital management, emergency and acute care and rehabilitation is essential to ensure survival and restore optimal levels of functioning, aimed at minimizing long-term disability. Long-term management is indispensable to maintain functioning and to prevent secondary conditions and premature mortality. Essential measures include the following:",
    "timely, appropriate pre-hospital management: quick recognition of suspected SCI, rapid evaluation and initiation of injury management, including spine immobilization, as needed;",
    "acute care (including surgical intervention) appropriate to injury type and severity, degree of instability, presence of neural compression, and in accordance with the person’s and their family’s wishes;",
    "access to acute, post-acute and ongoing multidisciplinary rehabilitation including mental health services to address the existing impairments and optimize functioning, independence, community integration including vocational reintegration, and overall well-being;",
    "access to assistive products that enable people to perform everyday activities they otherwise couldn’t are essential to increase functioning and independency;",
    "access to ongoing health care to detect and manage complications and reduce risks of secondary conditions; and",
    "specialized knowledge on SCI and skills among medical care and rehabilitation providers.",
    "specialized knowledge on SCI and skills among medical care and rehabilitation providers.",
    "Persons with disabilities such as SCI continue to experience substantial health inequities. According to the Convention on the Rights of Persons with Disabilities, Member States must ensure that persons with SCI can access the same range, quality and standard of free or affordable health care and social support as others. Addressing inequities is essential to realize this mandate."
  ],
  "Self-care": [
    "Appropriate self-management is indispensable to manage SCI related impairments, restore optimal levels of functioning and prevent secondary conditions. Self-management requires competencies to apply effective self-care strategies as independently as possible and implement a healthy lifestyle.",
    "However, people with more severe SCI often require ongoing care and support provided largely by informal carers. Challenges for carers include stress, role strain, financial burden, social isolation, lack of community services and bereavement in the event of loss of loved ones. Caring for a person with SCI may affect the carer’s own health, well-being and social relationships. Effective carer support andself-care interventions for healthcan significantly alleviate carer strain and enhance quality of care and participation of people with SCI.",
    "Self-care interventions provided by health workers aim to empower people with SCI and their families to care for their health, prevent secondary conditions, maintain optimal levels of functioning, and foster coping strategies."
  ]
}