{
  "Key facts": [
    "Substandard and falsified medical products affect people all around the world.",
    "At least 1 in 10 medicines in low- and middle-income countries are substandard or falsified.",
    "Countries spend an estimated US$ 30.5 billion per year on substandard and falsified medical products.",
    "Substandard and falsified medical products are often sold online or in informal markets."
  ],
  "Overview": [
    "Substandard products are those that do not meet quality standards and specifications, often due to poor manufacturing practices or inadequate quality control. Falsified medical products deliberately misrepresent their identity, composition or source. These products are often created and distributed with the intent to deceive consumers for financial gain.",
    "Substandard and falsified medical products pose significant threats to public health globally. They can be ineffective at treating the illness, as they may contain incorrect ingredients or incorrect dosages. They can even be directly harmful to patients if they contain contaminants or toxic substances. They may be indirectly harmful through increased risk of antimicrobial resistance.",
    "Both substandard and falsified medical products put patients’ health at risk, undermine the effectiveness of health systems, and erode trust in health and care providers. Sometimes, certain problems with health affect some countries more than others. These problems can happen in places where everyone does not have access to healthcare. When that happens, people might buy medical products from places that are not permitted to sell them. Even in wealthy countries, the global trade and transportation of medicines pose significant risks. These risks stem from how medicines are manufactured and distributed across the world. To mitigate this, coordinated efforts are needed; governments, healthcare professionals and manufacturers must collaborate to enforce regulations and educate the public on safety measures."
  ],
  "Scope of the problem": [
    "Substandard and falsified medical products are a significant global health problem, impacting millions of people and compromising health systems worldwide. These products can be found in all countries, impacting all types of medical products, including life-saving treatments like vaccines, antibiotics and cancer therapies. In 2017, the World Health Organization estimated that 1 in 10 medicines in low- and middle-income countries failed quality control tests, suggesting the product is substandard or falsified. This can lead to serious health risks, treatment failures and even death.",
    "The economic burden is also substantial, with billions of dollars lost annually due to ineffective treatments, increased healthcare costs and loss of productivity. For patients, the consequences are dire: relying on ineffective or harmful products can exacerbate illnesses, lead to prolonged suffering and contribute to drug resistance, making diseases harder to treat.",
    "The issue of substandard and falsified medical products is pervasive and challenging to address due to sophisticated falsification techniques that are difficult to detect and insufficient national resources to respond effectively. This problem significantly undermines health systems, erodes trust in healthcare, and results in financial losses for both patients and legitimate industries.",
    "Increasingly sophisticated networks manufacture these products, exploiting the demand for affordable medical treatments. The rise in online sales through unauthorized sites has further exacerbated the issue, allowing falsified products to reach consumers more easily. Tackling this problem necessitates robust legal frameworks, regional and international cooperation, heightened public awareness and stronger enforcement measures. These steps are crucial to safeguarding the integrity of health systems and ensuring the availability of safe and effective medical products for prevention, treatment and care.",
    "Global cooperation, robust regulations, legal frameworks and public awareness are essential to tackle the issue and ensure that all people have access to safe and effective medical products."
  ],
  "Who is at risk?": [
    "Everyone is at risk of encountering substandard and falsified medical products, including",
    "vulnerable populations",
    "countries lacking social protection",
    "countries with weaker health systems",
    "individuals buying medical products from unauthorized sources (including online)",
    "countries with a disrupted supply chain",
    "countries with an increased demand of specific medical products."
  ],
  "Impact": [
    "Substandard and falsified (SF) medical products severely impact public health, leading to severe and often fatal consequences. Patients may unknowingly consume medications that contain toxic substances or incorrect dosages, resulting in poisoning, treatment failure, and exacerbation of diseases. These products can accelerate the spread of drug-resistant infections, making once-treatable conditions deadly. The economic toll may also be serious as families deplete their savings on ineffective treatments, and health systems waste precious resources. Trust in healthcare providers and systems erodes, leaving communities vulnerable and fearful. The global reach of this issue means no region is spared, with both developed and developing countries grappling with the devastating impacts."
  ],
  "Challenges": [
    "Addressing substandard and falsified medical products is challenging due to limited resources and infrastructure in many regions, especially in low- and middle-income countries. Falsifiers are using sophisticated methods that make detection difficult. The rise of online purchases and informal markets makes it hard to monitor and control the distribution of these products. Additionally, the vast number of medical products in circulation worldwide makes comprehensive regulation and monitoring a significant challenge.",
    "Key drivers include:",
    "Addressing the issue of substandard and falsified medical products is a complex and multifaceted challenge requiring coordinated global efforts, significant investments in regulatory and enforcement capabilities, and sustained commitment from all stakeholders involved."
  ],
  "Prevention, detection and response": [
    "Preventing, detecting and responding to substandard and falsified medical products require robust regulatory systems which enforce the highest possible quality standards for medical products.",
    "Preventthe manufacture, sale and consumption of substandard and falsified medical products.",
    "Implement systems todetectany substandard and falsified medical products already in the supply chain.",
    "Respondquickly and proportionately to any incident detected, in ways that safeguard patients and the supply chain, take appropriate action whilst not causing unnecessary shortages.",
    "Governments must ensure that regulations and legal frameworks keep pace with technological developments and the regulatory standards are upheld and enforced in a consistent and transparent manner.",
    "Collaboration, reliance and information sharing between countries should be supported by governments to ensure both risks and best practices are shared.",
    "Technological solutions, for example handheld spectrometer devices, mobile apps, blockchain, track-and-trace systems and laboratory methods – when combined with robust regulatory frameworks and international cooperation – significantly enhance the detection and prevention of SF medical product.",
    "Public awareness campaigns are crucial to educate people about the risks of buying medical products from unauthorized sources.",
    "It is crucial to support local healthcare providers and ensure they have access to safe, affordable medical products. This involves strengthening healthcare infrastructure, providing training and resources and implementing policies that guarantee the availability of genuine, cost-effective medicines for all communities."
  ]
}