{
  "Key facts": [
    "Trachoma is a disease of the eye caused by infection with the bacteriumChlamydia trachomatis.",
    "It is a public health problem in 38 countries and is responsible for the blindness or visual impairment of about 1.9 million people.",
    "Blindness from trachoma is irreversible.",
    "Based on April 2024 data, 103 million people live in trachoma endemic areas and are at risk of trachoma blindness.",
    "Infection spreads through personal contact (via hands, clothes, bedding or hard surfaces) and by flies that have been in contact with discharge from the eyes or nose of an infected person. With repeated episodes of infection over many years, the eyelashes may be drawn in so that they rub on the surface of the eye. This causes pain and may permanently damage the cornea.",
    "In 2023, 130 746 people received surgical treatment for advanced stage of the disease, and 32.9 million people were treated with antibiotics. Global antibiotic coverage in 2023 was 29%."
  ],
  "Overview": [
    "Trachoma is the leading infectious cause of blindness worldwide. It is caused by an obligate intracellular bacterium calledChlamydia trachomatis. The infection is transmitted by direct or indirect transfer of eye and nose discharges of infected people, particularly young children who harbour the principal reservoir of infection. These discharges can be spread by particular species of flies."
  ],
  "Symptoms and transmission": [
    "In areas where trachoma is endemic, active (inflammatory) trachoma is common among preschool-aged children, with prevalence rates which can be as high as 60–90%. Infection becomes less frequent and shorter in duration with increasing age. Infection is usually acquired when living in close proximity to others with active disease, and the family is the main setting for transmission. An individual’s immune system can clear a single episode of infection, but in endemic communities re-acquisition of the organism occurs frequently.",
    "After years of repeated infection, the inside of the eyelid can become so severely scarred (trachomatous conjunctival scarring) that it turns inwards and causes the eyelashes to rub against the eyeball (trachomatous trichiasis), resulting in constant pain and light intolerance. This and other alterations of the eye can lead to scarring of the cornea. Left untreated, this condition leads to the formation of irreversible opacities, with resulting visual impairment or blindness. The age at which this occurs depends on several factors including local transmission intensity. In very highly endemic communities it can occur in childhood, though onset of visual impairment between the ages of 30 and 40 years is more typical.",
    "Visual impairment or blindness results in a worsening of the life experience of affected individuals and their families, who are normally already amongst the poorest of the poor. Women are blinded up to 4 times as often as men, probably due to their close contact with infected children and their resulting greater frequency of infection episodes.",
    "Environmental factors associated with more intense transmission ofC. trachomatisinclude:",
    "inadequate hygiene",
    "crowded households",
    "inadequate access to water",
    "inadequate access to and use of sanitation."
  ],
  "Distribution": [
    "Trachoma is hyperendemic in many of the poorest and most rural areas of Africa, Central and South America, Asia, Australia and the Middle East.",
    "It is responsible for the blindness or visual impairment of about 1.9 million people. It causes about 1.4% of all blindness worldwide.",
    "Overall, Africa remains the most affected continent and the one with the most intensive control efforts.",
    "As of 21 October 2024, 21 countries – Benin, Cambodia, China, Gambia, Islamic Republic of Iran, Lao People’s Democratic Republic, Ghana, India, Iraq, Malawi, Mali, Mexico, Morocco, Myanmar, Nepal, Oman, Pakistan, Saudi Arabia, Togo, Vanuatu and Viet Nam – had been validated by WHO as having eliminated trachoma as a public health problem.",
    "The burden of trachoma on affected individuals and communities is enormous. The economic cost in terms of lost productivity from blindness and visual impairment is estimated at US$ 2.9–5.3 billion annually, increasing to US$ 8 billion when trichiasis is included."
  ],
  "Prevention and control": [
    "Elimination programmes in endemic countries are being implemented using the WHO-recommended SAFE strategy. This consists of:",
    "Surgery to treat the blinding stage (trachomatous trichiasis);",
    "Antibiotics to clear infection, particularly mass drug administration of the antibiotic azithromycin, which is donated by the manufacturer to elimination programmes, through the International Trachoma Initiative;",
    "Facial cleanliness; and",
    "Environmental improvement, particularly improving access to water and sanitation.",
    "Most endemic countries have agreed to accelerate the implementation of this strategy to achieve elimination targets.",
    "Data reported to WHO by Member States for 2023 show that 130 746 people with trachomatous trichiasis were provided with corrective surgery in that year, and 32.9 million people in endemic communities were treated with antibiotics to eliminate trachoma. In 2019, when COVID-19 did not affect programmes’ ability to undertake community-based work, 92 622 people with trachomatous trichiasis were provided with corrective surgery, and 95.2 million people were treated with antibiotics.",
    "Elimination efforts need to continue to ensure that we reach the target set by World Health Assembly resolution WHA 51.11, which is elimination of trachoma as a public health problem(1). Particularly important will be the full engagement of multiple actors involved in water, sanitation and socioeconomic development."
  ]
}