{
  "Key facts": [
    "Trichomoniasis is a common sexually transmitted infection (STI) among women of reproductive age, caused by the protozoanTrichomonas vaginalis.",
    "It is treatable and curable.",
    "In 2020 there were approximately 156 million new cases ofT. vaginalisinfection among people aged 15–49 years old.",
    "In females, trichomoniasis is a common cause of vaginal discharge and is associated with poor birth outcomes and increased risk of pelvic inflammatory disease.",
    "Infection withT. vaginalisis also associated with increased risk of HIV acquisition."
  ],
  "Overview": [
    "Trichomonas vaginalisis a preventable and curable sexually transmitted protozoan that infects the urogenital tract.",
    "More than 50% of women withTrichomonas vaginalisinfection have vaginal discharge and about 10% of men have urethritis or urethral discharge.",
    "Correct and consistent use of condoms during sex can prevent trichomoniasis."
  ],
  "Scope of the problem": [
    "Trichomonas vaginalisis the most common non-viral STI. There were an estimated 156 million new cases ofT. vaginalisinfection among people aged 15–49 years old in 2020 globally in 2020 (73.7 million in females, 82.6 million in males).",
    "Approximately one third of new infections in this age group occur in the WHO African Region, followed by the Region of the Americas."
  ],
  "Transmission": [
    "Sexually active people can get trichomoniasis by having sex without a condom with a partner who has trichomoniasis."
  ],
  "Symptoms": [
    "Trichomoniasis infection in women may be symptomatic or asymptomatic. Vaginal discharge is the main symptom that women may present, and can be accompanied by itch, pain when urinating and pain during intercourse. In men, most infections are asymptomatic but some experience penile discharge or pain when urinating.",
    "Symptomatic women can have vaginal discharge, which may appear purulent. Other symptoms include a red and sore vagina. The person with the infection can also feel pain during intercourse and urination. In women, whenT. vaginalisis present, discharge can be observed in the vagina during a speculum examination by a health provider.",
    "Men are often asymptomatic, but some experience urethral discharge/urethritis, or penile irritation."
  ],
  "Prevention": [
    "Trichomoniasis is a preventable condition.",
    "The most effective method to prevent sexual transmission of trichomoniasis and various other STIs is by consistently and correctly using condoms.",
    "People diagnosed with trichomoniasis should inform their sexual partners to prevent further transmission. If that is not possible, they should request support from the health provider to notify their sexual partners."
  ],
  "Diagnosis": [
    "Healthcare providers will discuss the patient’s medical and sexual history and conduct a genital examination, including speculum examination and palpation, to enable them to have important clues to clinical diagnosis. Diagnostic options include smear microscopy and antigen or molecular testing. The latter include nucleic acid amplification tests (NAAT), considered in some settings as a gold standard for diagnosingT. vaginalis.Thesecan be performed in the lab. Vaginal or endocervical specimens are the preferred specimen type for diagnostic testing.",
    "In many primary healthcare settings where diagnostic capacity for detectingT. vaginalisis not available, asyndromic approach for case managementis recommended.",
    "In the presence ofT. vaginalis(or vaginal discharge), tests for other sexually transmitted infections (such as HIV and syphilis) are recommended, together with notification of sexual partner(s)."
  ],
  "Treatment": [
    "Trichomoniasis is treatable and curable.",
    "It is best treated with the antibiotics metronidazole or tinidazole. Although resistance is uncommon, treatment failure occurs in a small proportion of cases. Several second-line regimens are available and should be initiated by the healthcare professionals.",
    "Women who present with vaginal discharge, and who are managed based on the syndromic approach are treated for bacterial vaginosis (BV), candidiasis and trichomoniasis. Metronidazole is indicated for both BV and trichomonas, while topical or oral antifungals are indicated for candidiasis.",
    "Recommendations for the treatment of Trichomonas vaginalis, Mycoplasma genitalium, Candida albicans, bacterial vaginosis and human papillomavirus (‎anogenital warts)‎"
  ],
  "Possible complications": [
    "UntreatedT. vaginalisis linked to adverse birth outcomes, including low birth weight, preterm delivery and premature rupture of membranes. Although uncommon, perinatal transmission ofT. vaginaliscan occur, leading to vaginal and respiratory infections in newborns.",
    "T. vaginalisinfections are linked to a 1.5 times increased risk of HIV acquisition."
  ]
}