{
  "Key facts": [
    "Yellow fever is an infectious disease transmitted by mosquitoes that bite mostly during the day.",
    "As of 2023, 34 countries in Africa and 13 countries in Central and South America are either endemic for, or have regions that are endemic for, yellow fever.",
    "Yellow fever is prevented by a vaccine, which is safe and affordable. A single dose of yellow fever vaccine is sufficient to grant life-long protection.",
    "A modelling study based on African data sources estimated the burden of yellow fever during 2013 was 84 000–170 000 severe cases and 29 000–60 000 deaths (1)."
  ],
  "Overview": [
    "Yellow fever is an epidemic-prone mosquito-borne vaccine preventable disease that is transmitted to humans by the bites of infected mosquitoes. Yellow fever is caused by an arbovirus (a virus transmitted by vectors such mosquitoes, ticks or other arthropods) transmitted to humans by the bites of infectedAedesandHaemagogusmosquitoes.",
    "These day-biting mosquitoes breed around houses (domestic), in forests or jungles (sylvatic), or in both habitats (semi-domestic). Yellow fever is a high-impact high-threat disease, with risk of international spread, which represents a potential threat to global health security."
  ],
  "Symptoms": [
    "The incubation period for yellow fever is 3 to 6 days. Many people do not experience symptoms. Common symptoms include fever, muscle pain, headache, loss of appetite, nausea or vomiting. In most cases, symptoms disappear after 3 to 4 days.",
    "A small percentage of patients enter a second, more toxic phase within 24 hours of recovering from initial symptoms. High fever returns and several body systems are affected, usually the liver and the kidneys. In this phase, people are likely to develop jaundice (yellowing of the skin and eyes, hence the name yellow fever), dark urine, and abdominal pain with vomiting. Bleeding can occur from the mouth, nose, eyes, or stomach. Half of the patients who enter the toxic phase die within 7–10 days."
  ],
  "Treatment": [],
  "": [],
  "Diagnosis": [
    "Yellow fever is difficult to diagnose, especially during the early stages. A more severe case can be confused with malaria, leptospirosis, viral hepatitis, other haemorrhagic fevers, infection with other flaviviruses (such as dengue), and poisoning.",
    "Polymerase chain reaction (PCR) testing in blood can sometimes detect the virus in early stages of the disease. In later stages, testing to identify antibodies is needed (ELISA and PRNT)."
  ],
  "Prevention": [
    "1. Vaccination",
    "Vaccination is the most important means of preventing yellow fever. The yellow fever vaccine is safe, affordable and a single dose provides life-long protection against yellow fever disease. A booster dose of yellow fever vaccine is not needed.",
    "The vaccine provides effective immunity within 10 days for 80–100% of people vaccinated, and within 30 days for more than 99% of people vaccinated.",
    "Side-effects from the yellow fever vaccine are rare. People who are usually excluded from vaccination include:",
    "infants aged less than 9 months;",
    "pregnant women – except during a yellow fever outbreak when the risk of infection      is high;",
    "people with severe allergies to egg protein; and",
    "people with severe immunodeficiency due to symptomatic HIV/AIDS or other causes,      or who have a thymus disorder.",
    "In accordance with the International Health Regulations (IHR), countries have the right to require travellers to provide a certificate of yellow fever vaccination. If there are medical grounds for not getting vaccinated, this must be certified by the appropriate authorities.",
    "Countries with risk of yellow fever transmission and countries requiring yellow fever vaccination (November 2022) (who.int)",
    "Vaccination requirements and recommendations for international travellers; and malaria situation per country – 2022 edition (who.int)",
    "2. Vector control",
    "The risk of yellow fever transmission in urban areas can be reduced by eliminating potential mosquito breeding sites, including by applying larvicides to water storage containers and other places where standing water collects.",
    "Preventive measures, such as wearing clothing to minimize skin exposure and repellents are recommended to avoid mosquito bites. The use of insecticide-treated bed nets is limited by the fact thatAedesmosquitos bite during the daytime.",
    "Both vector surveillance and control are components of the prevention and control of vector-borne diseases, especially for transmission control in epidemic situations. For yellow fever, vector surveillance targetingAedes aegyptiand otherAedesspecies will help inform where there is a risk of an urban outbreak.",
    "3. Epidemic preparedness and response",
    "Prompt detection of yellow fever and rapid response through emergency vaccination campaigns are essential for controlling outbreaks. However, underreporting is a concern; WHO estimates the true number of cases to be 10 to 250 times what is now being reported.",
    "WHO recommends that every at-risk country has at least one national laboratory where basic yellow fever blood tests can be performed.  A confirmed case of yellow fever in an unvaccinated population is considered an outbreak. A confirmed case in any context must be fully investigated. Investigation teams must assess and respond to the outbreak with both emergency measures and longer-term immunization plans."
  ]
}